<?xml version="1.0" encoding="UTF-8"?><rss version="2.0" xmlns:content="http://purl.org/rss/1.0/modules/content/"><channel><title>haohao的个人博客</title><description>以自信为笔，勾勒梦的轮廓；将生活晕染成心的原色</description><link>https://hhj520.top/</link><language>zh_CN</language><item><title>东山岛游记</title><link>https://hhj520.top/posts/%E4%B8%9C%E5%B1%B1%E5%B2%9B%E6%B8%B8%E8%AE%B0/</link><guid isPermaLink="true">https://hhj520.top/posts/%E4%B8%9C%E5%B1%B1%E5%B2%9B%E6%B8%B8%E8%AE%B0/</guid><description>身为一个&quot;讲究&quot;(漳州)人,十三年了第一次去东山岛...</description><pubDate>Thu, 05 Feb 2026 00:00:00 GMT</pubDate><content:encoded>&lt;p&gt;东山岛隶属福建省漳州市东山县,是福建省第二大海岛,东山县第一大海岛
但我作为一个&quot;讲究&quot;(漳州)人,居然在人生中前12年没去过...
&lt;img src=&quot;https://kpkcdn.hhj520.top/uploads/20260208/cb46b011862c4d2b7ec51e7ae31ce310.gif&quot; alt=&quot;hh&quot; /&gt;
趁着这一个寒假,我决定去来一场说走就走的旅行(happy~)
我家位于漳州市龙文区,距离东山岛&lt;strong&gt;149公里&lt;/strong&gt;, 自驾游81%上高速的话需要一个小时52分钟,对我来说是有点久的,特别是在高速上...闷闷地而且还不能开窗户,对我来说就是一场折磨...
&lt;img src=&quot;https://kpkcdn.hhj520.top/uploads/20260210/b9cd360ebaf3a87da12de0b0a8c4d39a.webp&quot; alt=&quot;06b7d7c382d18d34c7bb2d2a3c6647f6_2&quot; /&gt;
&lt;img src=&quot;https://kpkcdn.hhj520.top/uploads/20260208/01408b18fdda672e5c307dfc7bb72359.gif&quot; alt=&quot;hh&quot; /&gt;
自驾游前期还是很爽  (坐上车的那一刻打开窗,感受到大自然的勃勃生机,听着车里的music,望着忙忙碌碌的人群,==&lt;strong&gt;幸福感爆棚!&lt;/strong&gt;==)
东山岛美景:
&lt;img src=&quot;https://kpkcdn.hhj520.top/uploads/20260210/05ec157229f63704aa730a4133b65e3d.webp&quot; alt=&quot;微信图片_20260208113623_244_1&quot; /&gt;
&lt;img src=&quot;https://kpkcdn.hhj520.top/uploads/20260208/a1d8ca7244c3e44f643342198848477e.jpg&quot; alt=&quot;微信图片_20260208113631_246_1&quot; /&gt;
&lt;img src=&quot;https://kpkcdn.hhj520.top/uploads/20260210/d5f4b7a9ddc4c337ae4ecdcba78b6e7a.webp&quot; alt=&quot;微信图片_20260208113641_249_1&quot; /&gt;
&lt;img src=&quot;https://kpkcdn.hhj520.top/uploads/20260210/47004264ec5509193d3cd2fac16d5cf7.webp&quot; alt=&quot;微信图片_20260208113620_243_1&quot; /&gt;
这一次去东山岛唯一一个遗憾就是没有去海滩,也没有住酒店(没有户口本)
但是吃了海鲜,也是挺满足的,哈哈
&lt;img src=&quot;https://kpkcdn.hhj520.top/uploads/20260208/549e1ee116e0e3090d3976035d41db67.webp&quot; alt=&quot;微信图片_20260205164607_594_19&quot; /&gt;
&lt;img src=&quot;https://kpkcdn.hhj520.top/uploads/20260208/9ad293aaf0ecbaf18fdae6b1b8f689c4.webp&quot; alt=&quot;微信图片_20260205164608_595_19&quot; /&gt;
&lt;img src=&quot;https://kpkcdn.hhj520.top/uploads/20260208/b320d4de40c1ae1900de51620c63d0ac.webp&quot; alt=&quot;微信图片_20260205164606_593_19&quot; /&gt;
&lt;img src=&quot;https://kpkcdn.hhj520.top/uploads/20260208/7678c91553f32e7bdae4dcbb5f684756.webp&quot; alt=&quot;微信图片_20260205164612_599_19&quot; /&gt;
&lt;img src=&quot;https://kpkcdn.hhj520.top/uploads/20260208/a67f1b72eb890aac6101423849feb0a1.webp&quot; alt=&quot;微信图片_20260205164611_598_19&quot; /&gt;
&lt;img src=&quot;https://kpkcdn.hhj520.top/uploads/20260208/593a8f6c1514adc14d38d755f99fe1ac.webp&quot; alt=&quot;微信图片_20260205164613_600_19&quot; /&gt;
吃饱饭就回家啦~&lt;/p&gt;
</content:encoded></item><item><title>搬移博客-新架构-新部署方式</title><link>https://hhj520.top/posts/%E6%90%AC%E7%A7%BB%E5%8D%9A%E5%AE%A2-%E6%96%B0%E6%9E%B6%E6%9E%84-%E6%96%B0%E9%83%A8%E7%BD%B2%E6%96%B9%E5%BC%8F/</link><guid isPermaLink="true">https://hhj520.top/posts/%E6%90%AC%E7%A7%BB%E5%8D%9A%E5%AE%A2-%E6%96%B0%E6%9E%B6%E6%9E%84-%E6%96%B0%E9%83%A8%E7%BD%B2%E6%96%B9%E5%BC%8F/</guid><description>&quot;搬移博客-新架构-新部署方式&quot;搬移博客-之前的blog登陆不上去,非常容易遭到垃圾评论的攻击,加上速度实在是不太理想...特地拥抱新的架构-Fuwari</description><pubDate>Wed, 04 Feb 2026 00:00:00 GMT</pubDate><content:encoded>&lt;p&gt;正如标题所见,我的blog迎来了第一次换架构
这一次架构是&lt;a href=&quot;https://astro.build/&quot;&gt;Astro&lt;/a&gt; &amp;amp; &lt;a href=&quot;https://github.com/saicaca/fuwari&quot;&gt;Fuwari&lt;/a&gt;
引用教程&amp;amp;文献:
https://acofork.com/posts/fuwari/
本项目开源地址:
::github{repo=&quot;pkoiuu/fuwari-blog&quot;}
之前的博客(wp)有&lt;strong&gt;不可容忍&lt;/strong&gt;缺点&lt;/p&gt;
&lt;h6&gt;1.速度慢(前台很慢后台也很慢,前台首次加载需要三四秒,后台速度堪比==拖拉机==...使用缓存也一样)&lt;/h6&gt;
&lt;p&gt;&lt;img src=&quot;https://cdnkp.hhj520.top/wp-content/uploads/2026/02/1770210585-processed-39.webp&quot; alt=&quot;图片&quot; /&gt;&lt;/p&gt;
&lt;h6&gt;2.使用缓存的时候时不时就会后台无法登陆卡死(我已经被困脑了一个月了,直到今天才发现是那==fuck的缓存==...换架构根本原因就是登陆不上去 )&lt;/h6&gt;
&lt;p&gt;搬移博客是一件非常麻烦的事情,前前后后弄了两天,还借助了AI工具
(so:辛苦ai了...)
&lt;img src=&quot;https://cdnkp.hhj520.top/wp-content/uploads/2025/11/1763298896-20251116131456658474.webp&quot; alt=&quot;表情&quot; /&gt;
3.太容易遭受垃圾评论（我登录不上去的日子里，网站被垃圾评论攻击了，至少上百条）
&lt;img src=&quot;https://cdnkp.hhj520.top/wp-content/uploads/2026/02/1770212817-processed-41.webp&quot; alt=&quot;mgxhz&quot; /&gt;
==&lt;strong&gt;感谢mgxhz的友情评论/提醒（本站评论的话也快了）&lt;/strong&gt;==&lt;/p&gt;
&lt;h5&gt;简单的介绍一下新博客吧&lt;/h5&gt;
&lt;p&gt;本博客灵感来源于&lt;a href=&quot;2x.nz&quot;&gt;2x的博客&lt;/a&gt; 刚好他有写&lt;a href=&quot;https://acofork.com/posts/fuwari/&quot;&gt;部署教程&lt;/a&gt; 于是frok了一下仓库, 把这一个仓库丢给AI，让它帮我优化一下，顺便让他把wp文章全部转化为.md&lt;/p&gt;
&lt;blockquote&gt;
&lt;p&gt;(在做这一件事的时候，我的后台还登录不上去，登录不上去就没办法拿到wp的备份.xml，也就没有办法转换文章，我就是因为没办法登录后台才换架构的…我已经花了几个月的时间修了，还是没办法，就在我准备混吃等死的时候……脑子灵光一炸--是不是缓存在捣鬼，我把wp服务器的Redis 配置关掉了，果然…登录上去了，都进行到这一步了直接换架构吧…哎)&lt;/p&gt;
&lt;/blockquote&gt;
&lt;p&gt;转换的时候又花了好几个小时，那死AI不是把我图片转化没了，就是格式出问题，我还要写提示词，把图片全部换成CDN
&lt;img src=&quot;https://cdnkp.hhj520.top/wp-content/uploads/2026/02/1770212989-processed-42.webp&quot; alt=&quot;...&quot; /&gt;&lt;strong&gt;哎，过程很艰辛，但是换来的性能提升也不止一点点(网站基础测试都为九十分加)&lt;/strong&gt;&lt;/p&gt;
&lt;p&gt;还有就是我部署方式变了，由原来传统的服务器部署改为边缘节点（Server edge node）目前部署在eo( | hhj520.top | www.hhj520.top | )和esa( | esa.hhj520.top | )上,目前主力在eo，延迟少
&lt;img src=&quot;https://cdnkp.hhj520.top/wp-content/uploads/2026/02/1770213777-processed-45-scaled.webp&quot; alt=&quot;gf&quot; /&gt;
由于部署方式变了，而且这一个没后台所以我只能用git 把项目托管在github 再在eo或esa上授权github 提交文章的时候只要我仓库一更新那么他们就也更新，也就实现了我提交仓库（文章）他们自动更新（==有兴趣的话，我出一篇技术类文章==）
&lt;img src=&quot;https://cdnkp.hhj520.top/wp-content/uploads/2026/02/1770213784-processed-44.webp&quot; alt=&quot;gg&quot; /&gt;
我的文章也变了.md 使用标准的markdown编辑（使用2x推荐的黑曜石编辑器）
&lt;img src=&quot;https://cdnkp.hhj520.top/wp-content/uploads/2026/02/1770213680-processed-43.webp&quot; alt=&quot;hai&quot; /&gt;
目前媒体还是存储在wp主要是来不及迁移，有时间迁移一下...&lt;/p&gt;
&lt;h6&gt;再来介绍一下整体外观&lt;/h6&gt;
&lt;p&gt;整体外观我是用浅蓝色默认配置，有深暗两种配置，新增加时间线，联系方式和介绍合并在一起成为关于，生活所记和朋友圈照搬过来，一个超链接指向原来的旧站（原来的旧站没有关闭）下面有标签，还有我的个人介绍
&lt;img src=&quot;https://cdnkp.hhj520.top/wp-content/uploads/2026/02/1770214256-processed-46.webp&quot; alt=&quot;wg&quot; /&gt;&lt;strong&gt;另外站点名字改为haohao 的个人博客&lt;/strong&gt;
差不多就是这样子了…
接下来我的计划&lt;/p&gt;
&lt;ul&gt;
&lt;li&gt;[x] 完成评论区&lt;/li&gt;
&lt;li&gt;[x] 深度优化&lt;/li&gt;
&lt;li&gt;[x] 保持更新&lt;/li&gt;
&lt;/ul&gt;
</content:encoded></item><item><title>再见2025-第一次放飞气球跨年</title><link>https://hhj520.top/posts/2026-01-01/</link><guid isPermaLink="true">https://hhj520.top/posts/2026-01-01/</guid><description>过去了一年,我也从一个小学生变成了一位初中生,时间就像那一去不复返的河流,每时每秒都在奔腾不息的游走,我们能做的就只有记录它,享受它,而今年的我做了一次不同的决定 2025.12.31学校的元旦晚会结束回家吃饭之时一个念头,在我的脑海浮现了出来--以往是在家里过年,如今搬了家旁边就是吾悦广场,恰好吾悦有民众自行组织的跨年活动,干脆直接在吾悦过吧~
</description><pubDate>Thu, 01 Jan 2026 00:00:00 GMT</pubDate><content:encoded>&lt;p&gt;过去了一年,我也从一个小学生变成了一位初中生,时间就像那一去不复返的河流,每时每秒都在奔腾不息的游走,我们能做的就只有记录它,享受它,而今年的我做了一次不同的决定&lt;/p&gt;
&lt;p&gt;2025.12.31学校的元旦晚会结束回家吃饭之时一个念头,在我的脑海浮现了出来--以往是在家里过年,如今搬了家旁边就是吾悦广场,恰好吾悦有民众自行组织的跨年活动,干脆直接在吾悦过吧~&lt;/p&gt;
&lt;p&gt;于是:&lt;/p&gt;
&lt;p&gt;&lt;a href=&quot;https://www.bilibili.com/video/BV11Gv9B2ENY/?share_source=copy_web&amp;amp;vd_source=fcb8a6420bdf2075bc7ae21ffbb77624&quot;&gt;【再见2025-新的一年新的起点!加油努力的少年】&lt;/a&gt;&lt;/p&gt;
&lt;p&gt;新年快乐!&lt;/p&gt;
&lt;p&gt;&lt;img src=&quot;https://cdnkp.hhj520.top/wp-content/uploads/2026/01/1767335651-20260102063411785742-scaled.webp&quot; alt=&quot;图片&quot; /&gt;&lt;/p&gt;
&lt;p&gt;&lt;img src=&quot;https://cdnkp.hhj520.top/wp-content/uploads/2026/01/1767335663-20260102063423161596.webp&quot; alt=&quot;图片&quot; /&gt;&lt;/p&gt;
&lt;p&gt;&lt;img src=&quot;https://cdnkp.hhj520.top/wp-content/uploads/2026/01/1767335670-20260102063430175736.webp&quot; alt=&quot;图片&quot; /&gt;&lt;/p&gt;
&lt;p&gt;&lt;img src=&quot;https://cdnkp.hhj520.top/wp-content/uploads/2026/01/1767335693-20260102063453252437.webp&quot; alt=&quot;图片&quot; /&gt;&lt;/p&gt;
</content:encoded></item><item><title>初一第二次月考 | 班级第一 | 数学年段40</title><link>https://hhj520.top/posts/40/</link><guid isPermaLink="true">https://hhj520.top/posts/40/</guid><description>时间过得好快,转眼间就来到了初一第二次月考 在这之间发生许多事情:期中退步,学校创建小班化班级19班,加入19班... 关于19班的事情在我的日记中略有提到一嘴,有兴趣的可以去看一下
</description><pubDate>Sat, 27 Dec 2025 00:00:00 GMT</pubDate><content:encoded>&lt;p&gt;时间过得好快,转眼间就来到了初一第二次月考&lt;/p&gt;
&lt;p&gt;在这之间发生许多事情:期中退步,学校创建小班化班级19班,加入19班...&lt;/p&gt;
&lt;p&gt;关于19班的事情在我的&lt;a href=&quot;https://hhj520.top/%e6%97%a5%e5%b8%b8%f0%9f%95%b6%ef%b8%8f.html/&quot;&gt;日记&lt;/a&gt;中略有提到一嘴,有兴趣的可以去看一下&lt;/p&gt;
&lt;p&gt;&lt;strong&gt;(19班和10班都是实验班, 19班小班化科创班的老师教, 19班主要是英语比较差数学比较好的, 19班数学平均分是除了科创班以外最好的)&lt;/strong&gt;&lt;/p&gt;
&lt;p&gt;具体细节可能要等到寒假再发出来了...&lt;/p&gt;
&lt;p&gt;总结一下这次考试吧~&lt;/p&gt;
&lt;p&gt;这次考试总体进步,折分年段排名&lt;strong&gt;250&lt;/strong&gt; ,是不是挺喜剧hhh,另外提一嘴我们学校七年级差不多是900多人 ,接近一千&lt;/p&gt;
&lt;p&gt;总分667,满分850,&lt;/p&gt;
&lt;p&gt;语文111.5数学142英语108.5生物85地理81政治68历史71&lt;/p&gt;
&lt;p&gt;&lt;strong&gt;其中数学年段排名40,班级排名第一&lt;/strong&gt;&lt;/p&gt;
&lt;p&gt;&lt;img src=&quot;https://cdnkp.hhj520.top/wp-content/uploads/2025/12/1766842517-20251227133517592400.webp&quot; alt=&quot;图片&quot; /&gt;&lt;/p&gt;
&lt;p&gt;总体我挺满意的,比上次期中进步了111名,比第一次月考退步两三名&lt;/p&gt;
&lt;p&gt;另外插一嘴我在19班是&lt;strong&gt;第一&lt;/strong&gt;,在原班级&lt;strong&gt;第九名&lt;/strong&gt;(进前十了!达到了我的目标不错不错)&lt;/p&gt;
&lt;p&gt;我们学校有一项&quot;校长特别奖&quot;每一次大考都有颁发,按照班级排名排序,每个班就只有一名学生(轮流,一个人拿了一次就不能再拿取另外一次)&lt;/p&gt;
&lt;p&gt;嘿嘿嘿,作为19班的第一理所应当有我(好开心好开心!ovo 第一次拿到校长特别奖,而且那一个奖牌还有真的黄金 )&lt;/p&gt;
&lt;p&gt;&lt;img src=&quot;https://cdnkp.hhj520.top/wp-content/uploads/2025/12/1766842494-20251227133454970715.webp&quot; alt=&quot;图片&quot; /&gt;&lt;/p&gt;
&lt;p&gt;2026.1.4才颁奖,到时候把照片发出来hhh&lt;/p&gt;
&lt;p&gt;(照片预留位)&lt;/p&gt;
&lt;p&gt;&lt;img src=&quot;https://cdnkp.hhj520.top/wp-content/uploads/2025/12/1767806658-20260107172418884212-scaled.webp&quot; alt=&quot;图片&quot; /&gt;&lt;/p&gt;
&lt;p&gt;简单的总结一下各个学科&lt;/p&gt;
&lt;p&gt;数学:全是小失误,再努努力考145~150!&lt;/p&gt;
&lt;p&gt;语文:上120真的太难了,111.5年段排名233(我爸就是初中语文老师...没想到我竟然是理科比较好)&lt;/p&gt;
&lt;p&gt;英语:哎没事没事这次比上次进步了...主要拉开差距的一般是在英语&lt;/p&gt;
&lt;p&gt;小四门:除了政治,其他我都能接受...理科80++&lt;/p&gt;
&lt;p&gt;&lt;img src=&quot;https://cdnkp.hhj520.top/wp-content/uploads/2025/12/1766842458-20251227133418995799.webp&quot; alt=&quot;图片&quot; /&gt;&lt;/p&gt;
&lt;p&gt;其他证书jpge:(有压缩)&lt;/p&gt;
&lt;p&gt;&lt;img src=&quot;https://cdnkp.hhj520.top/wp-content/uploads/2025/12/1767106883-20251230150123348778-rotated.webp&quot; alt=&quot;图片&quot; /&gt;&lt;/p&gt;
&lt;p&gt;&lt;img src=&quot;https://cdnkp.hhj520.top/wp-content/uploads/2025/12/1767106886-20251230150126473170-rotated.webp&quot; alt=&quot;图片&quot; /&gt;&lt;/p&gt;
&lt;p&gt;&lt;img src=&quot;https://cdnkp.hhj520.top/wp-content/uploads/2025/12/1767106886-20251230150126193365-rotated.webp&quot; alt=&quot;图片&quot; /&gt;&lt;/p&gt;
&lt;p&gt;其他证书pdf:&lt;/p&gt;
&lt;p&gt;电子版闽南师范大学附属龙溪学校七年级上册十九班第二次月考2025.12.22黄浩景--“成绩卓越奖-折分后年段排名250-总分667-班级排名第一”&lt;/p&gt;
&lt;p&gt;电子版闽南师范大学附属龙溪学校七年级上册十九班第二次月考2025.12.22黄浩景--“进步卓越奖-进步112名”&lt;/p&gt;
&lt;p&gt;电子版闽南师范大学附属龙溪学校七年级上册十九班第二次月考2025.12.22黄浩景--“数学单科卓越奖-班级第一名-年段四十名”&lt;/p&gt;
&lt;p&gt;电子版闽南师范大学附属龙溪学校七年级上册十九班第二次月考2025.12.22黄浩景--“校长特别奖[下载](/wp-content/uploads/2025/12/1767806711-20260107172511474570.pdf&quot; class=&quot;wp-block-file__button wp-element-button&quot; download aria-describedby=&quot;wp-block-file--media-3b75bfc4-1e39-4276-ac0f-359629ff9491)&lt;/p&gt;
</content:encoded></item><item><title>地震了!台湾6.5级地震,漳州市有明显震感-2025-12-27</title><link>https://hhj520.top/posts/65-2025-12-27/</link><guid isPermaLink="true">https://hhj520.top/posts/65-2025-12-27/</guid><description>&quot;人在家中坐,震从地上来&quot;快要睡觉了地震突然把我震醒了...特写此文纪念第一次感受到地震 2025-12-27 23:05:50,中国台湾发生6.5级地震
</description><pubDate>Sat, 27 Dec 2025 00:00:00 GMT</pubDate><content:encoded>&lt;p&gt;&quot;人在家中坐,震从地上来&quot;快要睡觉了地震突然把我震醒了...特写此文纪念第一次感受到地震&lt;/p&gt;
&lt;p&gt;2025-12-27 23:05:50,中国台湾发生6.5级地震(资料来源:&lt;a href=&quot;https://news.ceic.ac.cn/&quot;&gt;https://news.ceic.ac.cn/&lt;/a&gt;)&lt;/p&gt;
&lt;p&gt;纬度(°)24.66&lt;/p&gt;
&lt;p&gt;经度(°)124.35&lt;/p&gt;
&lt;p&gt;&lt;img src=&quot;https://cdnkp.hhj520.top/wp-content/uploads/2025/12/1766849084-20251227152444318370.webp&quot; alt=&quot;图片&quot; /&gt;&lt;/p&gt;
&lt;p&gt;&lt;img src=&quot;https://cdnkp.hhj520.top/wp-content/uploads/2025/12/1766849280-20251227152800452119.webp&quot; alt=&quot;图片&quot; /&gt;&lt;/p&gt;
&lt;p&gt;&lt;img src=&quot;https://cdnkp.hhj520.top/wp-content/uploads/2025/12/1766849298-20251227152818801826.webp&quot; alt=&quot;图片&quot; /&gt;&lt;/p&gt;
</content:encoded></item><item><title>2025-12-24 平安夜快乐! 吃个苹果吧</title><link>https://hhj520.top/posts/2025-12-24/</link><guid isPermaLink="true">https://hhj520.top/posts/2025-12-24/</guid><description>平安夜快乐!! 吃个苹果吧!hhh
</description><pubDate>Wed, 24 Dec 2025 00:00:00 GMT</pubDate><content:encoded>&lt;p&gt;平安夜快乐!!&lt;/p&gt;
&lt;p&gt;吃个苹果吧!hhh&lt;/p&gt;
&lt;p&gt;&lt;img src=&quot;https://cdnkp.hhj520.top/wp-content/uploads/2025/12/1766587929-20251224145209869375.webp&quot; alt=&quot;图片&quot; /&gt;&lt;/p&gt;
&lt;p&gt;&lt;img src=&quot;https://cdnkp.hhj520.top/wp-content/uploads/2025/12/1766588059-20251224145419984458.webp&quot; alt=&quot;图片&quot; /&gt;&lt;/p&gt;
</content:encoded></item><item><title>2025.12.21-冬至</title><link>https://hhj520.top/posts/2025-12-21/</link><guid isPermaLink="true">https://hhj520.top/posts/2025-12-21/</guid><description>一转眼又到年末了,2025年对我来说非常值得纪念 前半年小学毕业,后半年踏上初中的旅程,历经的分别,又认识了新的同学 冬至怎么能不来一顿丰盛的大餐呢? 今年冬至母亲准备了 汤圆,水饺,贵州火锅,酱油鱼,甘蔗,好吃得很耶!
</description><pubDate>Sun, 21 Dec 2025 00:00:00 GMT</pubDate><content:encoded>&lt;p&gt;一转眼又到年末了,2025年对我来说&lt;strong&gt;非常值得纪念&lt;/strong&gt;&lt;/p&gt;
&lt;p&gt;前半年小学毕业,后半年踏上初中的旅程,历经的分别,又认识了新的同学&lt;/p&gt;
&lt;p&gt;冬至怎么能不来一顿丰盛的大餐呢?&lt;/p&gt;
&lt;p&gt;今年冬至母亲准备了  汤圆,水饺,贵州火锅,酱油鱼,甘蔗,好吃得很耶!&lt;/p&gt;
&lt;p&gt;汤圆是芝麻汤圆甜滋滋，水饺&lt;strong&gt;皮薄馅大&lt;/strong&gt;，贵州火锅香喷喷，蘸料还是我最爱的芝麻酱！酱油鱼也不用多说了，浓郁的葱香混着咸香，那滋味～&lt;/p&gt;
&lt;p&gt;今年母亲还喜欢上了种花,种菜,别有一番闲情雅致&lt;/p&gt;
&lt;p&gt;别说种的还挺不错!再有十几天菜应该要收获了&lt;/p&gt;
&lt;p&gt;今年的冬至挺精彩的..但是失去的青春一去不复返了&lt;/p&gt;
&lt;p&gt;&lt;img src=&quot;https://cdnkp.hhj520.top/wp-content/uploads/2025/12/1766322150-20251221130230854748.webp&quot; alt=&quot;图片&quot; /&gt;&lt;/p&gt;
</content:encoded></item><item><title>震惊!某小区惊现扰民，双方大打出手!</title><link>https://hhj520.top/posts/post-1770124868998623/</link><guid isPermaLink="true">https://hhj520.top/posts/post-1770124868998623/</guid><description>邻居吵架,大打出手真实经历 2025-12-18星期四深夜11点多 同一层住最右边的邻居夫妻吵架,吵了十几分钟 我们是住在偏左的,他们的声音之大又尖锐无比,吵得很脏,吵得让人无法睡觉,我爸在里面骂了他...</description><pubDate>Sat, 20 Dec 2025 00:00:00 GMT</pubDate><content:encoded>&lt;p&gt;邻居吵架,大打出手(真实经历)&lt;/p&gt;
&lt;p&gt;2025-12-18星期四&lt;strong&gt;深夜&lt;/strong&gt;11点多&lt;/p&gt;
&lt;p&gt;同一层住&lt;strong&gt;最右边&lt;/strong&gt;的邻居夫妻吵架,吵了十几分钟&lt;/p&gt;
&lt;p&gt;我们是住在&lt;strong&gt;偏左&lt;/strong&gt;的,他们的声音之大又尖锐无比,吵得很脏,吵得让人无法睡觉,我爸在里面骂了他们,其中一&lt;strong&gt;花臂光着身子,目测150斤又凶又彪悍&lt;/strong&gt;的男子耍酒疯与我爸争执,从而演变成互相对骂&lt;/p&gt;
&lt;p&gt;耍酒疯男子骂不过,便随即同吵架的妻子一起踹门,同行另外一名男子见状连忙上前拉架,耍酒疯男子疑似喝假酒了,脾气极为暴躁,一个壮汉都拉都拉不动,使劲踹我家的门,我爸见状生了气,大吼一声,手一指,大声对骂&lt;/p&gt;
&lt;p&gt;耍酒疯的男子以及他的妻子一个在那边使劲踹门,一个用砖头砸门,我爸也见门要顶不住,箭步上前顶住大门,初一的我见此尤为愤怒,扫把一拿,随即加入对骂,奈何人家彪悍体壮,我们这些&quot;文弱书生 &quot;怎么抵抗得住&lt;/p&gt;
&lt;p&gt;&lt;strong&gt;高潮来了!&lt;/strong&gt;&lt;/p&gt;
&lt;p&gt;门踹开了,我爸那九十多斤的身体一振,被铁门直直撞上鼻梁(还好我爸高鼻梁,要不然这一下可就脑震荡了)&lt;/p&gt;
&lt;p&gt;鼻子哗哗流血,手机噗嗤一下掉地上摔出了痕迹,我仍然上前去查看我爸的受伤程度&lt;/p&gt;
&lt;p&gt;我们报了警&lt;/p&gt;
&lt;p&gt;一会儿上来了两三个武警,他们那一群低素质没什么学历收入又低的人依就还在那边叫嚣&lt;/p&gt;
&lt;p&gt;我爸鼻子出现了一个伤口,哗哗流血,门已经被踹出了痕迹,上还是可见砖头还有血,&lt;strong&gt;我吓得腿都软&lt;/strong&gt;&lt;/p&gt;
&lt;p&gt;不过我爸挺冷静,第一时间叫了人换锁,保护我,以及贵重财产的安全(虽然最终也是出去住了)&lt;/p&gt;
&lt;p&gt;&lt;strong&gt;由于太晚了而且我爸也在客厅小酌了一杯,不能录口供,先去看了一下医生&lt;/strong&gt;&lt;/p&gt;
&lt;p&gt;最终情况是这样的:&lt;/p&gt;
&lt;p&gt;1.鼻子骨折了而且有一个伤口需要缝合&lt;/p&gt;
&lt;p&gt;2.门被踹坏了&lt;/p&gt;
&lt;p&gt;3.一台iPhone的屏幕坏了&lt;/p&gt;
&lt;p&gt;随后我们去酒店入住了(我爸他那一个死酒鬼,还想要喝酒)&lt;/p&gt;
&lt;p&gt;&lt;strong&gt;由于当时的明天是星期五2025.12.19,我需要去上学,所以参加不了他们的争论&lt;/strong&gt;&lt;/p&gt;
&lt;p&gt;星期五晚上回家时处决结果已经出来了&lt;/p&gt;
&lt;p&gt;&lt;strong&gt;花臂光着身子,目测150斤又凶又彪悍&lt;/strong&gt;,张嘴闭嘴就是粗话,低素质又没学识的男子以及同行的所有人,被罚款一万六(16000)&lt;/p&gt;
&lt;p&gt;我爸对此很不接受,没有好气的出去警察局了(虽然在赔偿金额上我们获得了比较好的数目,但是还是达不到刑事处罚)&lt;/p&gt;
&lt;p&gt;这件事也就这么翻篇了,我挺难接受的,我爸也挺难接受,只能说有没有素质没有文化,就是对社会没有用处的东西,辜负了国家,辜负了自己,辜负了家庭!&lt;/p&gt;
&lt;p&gt;同时也提醒大家&lt;/p&gt;
&lt;p&gt;切勿和小人同行,切勿和低素质的人同行,切勿和没有文化的人同行,为自己做出的行为负责,做事情之前要考虑清楚,不然后悔莫及 !&lt;/p&gt;
</content:encoded></item><item><title>从上次更新至本次更新所有内容🎄</title><link>https://hhj520.top/posts/post-1770176032362407/</link><guid isPermaLink="true">https://hhj520.top/posts/post-1770176032362407/</guid><description>先说近的再说远的🎇

2025.11.6

网站logo全面换新[]~(￣▽￣)~*  [虽然是AI生成]

{&quot;AIGC&quot;:{&quot;Label&quot;:&quot;1&quot;,&quot;ContentPr&quot;
</description><pubDate>Sun, 16 Nov 2025 00:00:00 GMT</pubDate><content:encoded>&lt;p&gt;先说近的再说远的🎇&lt;/p&gt;
&lt;p&gt;2025.11.6&lt;/p&gt;
&lt;p&gt;网站logo全面换新[]~(￣▽￣)~*  [虽然是AI生成]&lt;/p&gt;
&lt;p&gt;&lt;img src=&quot;/wp-content/uploads/2025/11/1763272770-20251116055930670526.webp&quot; alt=&quot;&quot; /&gt;&lt;/p&gt;
&lt;p&gt;&lt;img src=&quot;/wp-content/uploads/2025/11/1763272783-20251116055943683689.webp&quot; alt=&quot;&quot; /&gt;{&quot;AIGC&quot;:{&quot;Label&quot;:&quot;1&quot;,&quot;ContentProducer&quot;:&quot;doubao&quot;,&quot;ProduceID&quot;:&quot;349e809cc59c4e82919371173a601b88&quot;,&quot;ReservedCode1&quot;:&quot;&quot;,&quot;ContentPropagator&quot;:&quot;&quot;,&quot;PropagateID&quot;:&quot;&quot;,&quot;ReservedCode2&quot;:&quot;&quot;}}&lt;/p&gt;
&lt;p&gt;&lt;img src=&quot;/wp-content/uploads/2025/11/1763272798-20251116055958860838.webp&quot; alt=&quot;&quot; /&gt;&lt;/p&gt;
&lt;p&gt;&lt;img src=&quot;/wp-content/uploads/2025/11/1763272825-20251116060025293401.webp&quot; alt=&quot;&quot; /&gt;{&quot;AIGC&quot;:{&quot;Label&quot;:&quot;1&quot;,&quot;ContentProducer&quot;:&quot;doubao&quot;,&quot;ProduceID&quot;:&quot;29c4d76886b640dfb1414b28be61f681&quot;,&quot;ReservedCode1&quot;:&quot;&quot;,&quot;ContentPropagator&quot;:&quot;&quot;,&quot;PropagateID&quot;:&quot;&quot;,&quot;ReservedCode2&quot;:&quot;&quot;}}&lt;/p&gt;
&lt;p&gt;&lt;img src=&quot;/wp-content/uploads/2025/11/1763272831-20251116060031567605.webp&quot; alt=&quot;&quot; /&gt;&lt;/p&gt;
&lt;p&gt;2025.xx.xx&lt;/p&gt;
&lt;p&gt;&lt;strong&gt;cdn优化,现在加载时间一般在三秒以内,如果运气好一秒以内就行了&lt;/strong&gt;&lt;/p&gt;
&lt;p&gt;&lt;img src=&quot;/wp-content/uploads/2025/11/1763272937-20251116060217077260.webp&quot; alt=&quot;&quot; /&gt;&lt;/p&gt;
&lt;p&gt;**网站安全性大幅度增加[主要依靠cdn自带的防护] **&lt;/p&gt;
&lt;p&gt;现在的网络攻击好吓人,我这一个小站点也天天被恶意爆破...有时间我再专门写一篇文章&lt;/p&gt;
&lt;p&gt;&lt;img src=&quot;/wp-content/uploads/2025/11/1763273105-20251116060505342149.webp&quot; alt=&quot;&quot; /&gt;&lt;/p&gt;
</content:encoded></item><item><title>期中差距有感一言🎯</title><link>https://hhj520.top/posts/post-1770124868994279/</link><guid isPermaLink="true">https://hhj520.top/posts/post-1770124868994279/</guid><description>上了初中之后学习的压力如潮水般向我涌来;同班同学的差距,学校的差距,区域的差距一个比一个大,一个个压得我喘不气,心酸和委屈涌上心头,难道就要因此而堕落?难道我注定是这样子的命? 仿佛是班主任与大家心有...</description><pubDate>Fri, 17 Oct 2025 00:00:00 GMT</pubDate><content:encoded>&lt;p&gt;上了初中之后学习的压力如潮水般向我涌来;同班同学的差距,学校的差距,区域的差距一个比一个大,一个个压得我喘不气,心酸和委屈涌上心头,难道就要因此而堕落?难道我注定是这样子的命?&lt;/p&gt;
&lt;p&gt;仿佛是班主任与大家心有灵犀,课后延时整整一个小时全部拿来给我们放松;积分奖励,心理小游戏(节奏运动,萝卜蹲...)我好喜欢这氛围,青春的活力一下子就涌了上来,带走所有的委屈与不甘,指引了我前进的道路&lt;/p&gt;
&lt;p&gt;&lt;strong&gt;后来老师说的话...&lt;/strong&gt;&lt;/p&gt;
&lt;p&gt;&quot;你们现在的目标是努努力进科创班,这次考不好也没关系,下次接着努力就行&quot;&lt;/p&gt;
&lt;p&gt;&quot;你在游戏的时间花的只要比学习的时间还多,你的成绩肯定上不去&quot;&lt;/p&gt;
&lt;p&gt;期中的差距让我意识到了人无完人,天外有天;我们应该努力学习积极向上,争取做新时代的好少年!&lt;/p&gt;
</content:encoded></item><item><title>从上次更新至本次更新所有内容🎄</title><link>https://hhj520.top/posts/post-1770124868989226/</link><guid isPermaLink="true">https://hhj520.top/posts/post-1770124868989226/</guid><description>先说近的再说远的🎇 2025.11.6 网站logo全面换新~￣▽￣~ {AIGC:{Label:1,ContentProducer:doubao,ProduceID:349e809cc59c4e82...</description><pubDate>Thu, 16 Oct 2025 00:00:00 GMT</pubDate><content:encoded>&lt;p&gt;先说近的再说远的🎇&lt;/p&gt;
&lt;p&gt;2025.11.6&lt;/p&gt;
&lt;p&gt;网站logo全面换新~(￣▽￣)~* !&lt;/p&gt;
&lt;p&gt;!{&quot;AIGC&quot;:{&quot;Label&quot;:&quot;1&quot;,&quot;ContentProducer&quot;:&quot;doubao&quot;,&quot;ProduceID&quot;:&quot;349e809cc59c4e82919371173a601b88&quot;,&quot;ReservedCode1&quot;:&quot;&quot;,&quot;ContentPropagator&quot;:&quot;&quot;,&quot;PropagateID&quot;:&quot;&quot;,&quot;ReservedCode2&quot;:&quot;&quot;}}&lt;/p&gt;
&lt;p&gt;!{&quot;AIGC&quot;:{&quot;Label&quot;:&quot;1&quot;,&quot;ContentProducer&quot;:&quot;doubao&quot;,&quot;ProduceID&quot;:&quot;29c4d76886b640dfb1414b28be61f681&quot;,&quot;ReservedCode1&quot;:&quot;&quot;,&quot;ContentPropagator&quot;:&quot;&quot;,&quot;PropagateID&quot;:&quot;&quot;,&quot;ReservedCode2&quot;:&quot;&quot;}}&lt;/p&gt;
&lt;p&gt;2025.xx.xx&lt;/p&gt;
&lt;p&gt;&lt;strong&gt;cdn优化,现在加载时间一般在三秒以内,如果运气好一秒以内就行了&lt;/strong&gt;&lt;/p&gt;
&lt;p&gt;**网站安全性大幅度增加 **&lt;/p&gt;
&lt;p&gt;现在的网络攻击好吓人,我这一个小站点也天天被恶意爆破...有时间我再专门写一篇文章&lt;/p&gt;
</content:encoded></item><item><title>博客更新日志 2025.10.8</title><link>https://hhj520.top/posts/2025-10-08/</link><guid isPermaLink="true">https://hhj520.top/posts/2025-10-08/</guid><description>自言自语: 国庆这几天都没有怎么更新文章,今天把补文章上去 1.更换CDN 原本使用的CDN(𝙌𝙞𝙪𝙙𝙪𝙣) 已经关闭,现在改用腾讯的edgeone免费版 并且优选了一下ip
</description><pubDate>Wed, 08 Oct 2025 00:00:00 GMT</pubDate><content:encoded>&lt;p&gt;自言自语: 国庆这几天都没有怎么更新文章,今天把补文章上去&lt;/p&gt;
&lt;p&gt;&lt;strong&gt;1.更换CDN&lt;/strong&gt;&lt;/p&gt;
&lt;p&gt;原本使用的CDN(𝙌𝙞𝙪𝙙𝙪𝙣) 已经关闭,现在改用腾讯的edgeone免费版&lt;/p&gt;
&lt;p&gt;并且优选了一下ip,使用的是&quot;&lt;strong&gt;NB 优选服务&lt;/strong&gt;&quot;有兴趣的可以访问一下&lt;a href=&quot;https://www.byoip.top/&quot;&gt;https://www.byoip.top/&lt;/a&gt;&lt;/p&gt;
&lt;p&gt;&lt;img src=&quot;https://cdnkp.hhj520.top/wp-content/uploads/2025/10/1759929486-20251008131806083152.webp&quot; alt=&quot;图片&quot; /&gt;&lt;/p&gt;
&lt;p&gt;&lt;img src=&quot;https://cdnkp.hhj520.top/wp-content/uploads/2025/10/1759929489-20251008131809816298.webp&quot; alt=&quot;图片&quot; /&gt;&lt;/p&gt;
&lt;p&gt;没了...cdn耗费了很大精力&lt;/p&gt;
&lt;p&gt;ai&lt;/p&gt;
</content:encoded></item><item><title>博客更新日志 2025.10.2</title><link>https://hhj520.top/posts/2025-10-02/</link><guid isPermaLink="true">https://hhj520.top/posts/2025-10-02/</guid><description>国庆快乐呀! 本站在国庆期间进行了这几项更新: 1.使用cdn,大幅度的增加访问速度 (终于终于) 2.现在支持注册了!!! 3.删除站点状态页面
</description><pubDate>Thu, 02 Oct 2025 00:00:00 GMT</pubDate><content:encoded>&lt;p&gt;国庆快乐呀! 本站在国庆期间进行了这几项更新:&lt;/p&gt;
&lt;p&gt;1.使用&lt;strong&gt;cdn&lt;/strong&gt;,大幅度的增加访问速度 (终于终于)&lt;/p&gt;
&lt;p&gt;&lt;img src=&quot;https://cdnkp.hhj520.top/wp-content/uploads/2025/10/1759552134-20251004042854419126.webp&quot; alt=&quot;图片&quot; /&gt;&lt;/p&gt;
&lt;p&gt;&lt;img src=&quot;https://cdnkp.hhj520.top/wp-content/uploads/2025/10/1759552122-20251004042842741574.webp&quot; alt=&quot;图片&quot; /&gt;&lt;/p&gt;
&lt;p&gt;2.现在支持&lt;strong&gt;注册&lt;/strong&gt;了!!!&lt;/p&gt;
&lt;p&gt;&lt;img src=&quot;https://cdnkp.hhj520.top/wp-content/uploads/2025/10/1759407902-20251002122502993921.webp&quot; alt=&quot;图片&quot; /&gt;&lt;/p&gt;
&lt;p&gt;3.删除站点状态页面,取而代之的是&lt;a href=&quot;https://hhj520.top/%e5%85%b3%e4%ba%8e/&quot;&gt;关于&lt;/a&gt;&lt;/p&gt;
&lt;p&gt;&lt;img src=&quot;https://cdnkp.hhj520.top/wp-content/uploads/2025/10/1759407733-20251002122213490539.webp&quot; alt=&quot;图片&quot; /&gt;&lt;/p&gt;
&lt;p&gt;4.大幅度的减少网站代码&lt;/p&gt;
&lt;p&gt;5.wp更新6.8.3&lt;/p&gt;
&lt;p&gt;6.网站首次访问需要进行人机验证 (防止机器人攻击垃圾评论)&lt;/p&gt;
</content:encoded></item><item><title>随笔-搬家</title><link>https://hhj520.top/posts/2025-09-21/</link><guid isPermaLink="true">https://hhj520.top/posts/2025-09-21/</guid><description>秋季的风,还夹带着夏季的余温,悠悠的 夕阳,火烧云,小贩的叫卖声交织在一起,我坐在父亲的小车上,呆呆的望着来来往往的人群,这些人有的是晚自习结束,准备回家洗洗睡了,有的是下班了,就是迫不及待的回家睡大觉
</description><pubDate>Sun, 21 Sep 2025 00:00:00 GMT</pubDate><content:encoded>&lt;p&gt;&lt;em&gt;秋季的风,还夹带着夏季的余温,悠悠的&lt;/em&gt;&lt;/p&gt;
&lt;p&gt;夕阳,火烧云,小贩的叫卖声交织在一起,我坐在父亲的小车上,呆呆的望着来来往往的人群,这些人有的是晚自习结束,准备回家洗洗睡了,有的是下班了,就是迫不及待的回家睡大觉,还有的是准备出去和兄弟吃一顿烧烤喝一点小酒,有说有笑,三五成群勾肩搭背走在一起,像极了电视剧中大结局了主角团庆祝胜利的样子.&lt;/p&gt;
&lt;p&gt;&lt;img src=&quot;https://cdnkp.hhj520.top/wp-content/uploads/2025/09/1758434546-20250921060226666058.webp&quot; alt=&quot;图片&quot; /&gt;&lt;/p&gt;
&lt;p&gt;&lt;strong&gt;而我不同&lt;/strong&gt;,当他们沉浸在凡间的快乐,悠闲时,我已超脱凡俗,达到了一个更高渺的境界- 发呆&lt;/p&gt;
&lt;p&gt;一整天的疲劳,仿佛是&lt;strong&gt;千斤顶&lt;/strong&gt;,压得我喘不过气,我感觉到我的大脑停止运转,浑身酸痛的,就像是小说中魂飞魄散,前面的车尾灯散发着令人不适的红色,我又想起了那一次厦门大堵车,下车之后目之所及被染上了一层红色,我讨厌凡间的繁琐,我讨厌凡间令人作呕的规矩,我讨厌凡间,却逃脱不出凡间,我讨厌凡间,却还是会被凡间&lt;strong&gt;热情与向往治愈&lt;/strong&gt;,回顾今天的点点滴滴,我疲倦的内心好了许多&lt;/p&gt;
&lt;p&gt;搬家之前我心有不舍,但是明白这是必然,在这之前我已经搬了三次家了,每一次我都浑身疲软,彻底榨干了自己,这一次也不例外,我与我的父亲背着十几斤的货物来来回回走了六七遍,重复而枯燥,拿下-放车上-开车走-上楼,还没来得及整理,马上进入下一轮,我心里苦啊,难受啊, 车座的想把隔夜饭都吐出来,可是到了最后看着自己布置的小家,成就感还是满满,那一刻我好像都不累了罢&lt;/p&gt;
&lt;p&gt;坐在车上望着夕阳,生活继续走了下去&lt;/p&gt;
</content:encoded></item><item><title>博客更新日志2025.9.5</title><link>https://hhj520.top/posts/2025-09-05/</link><guid isPermaLink="true">https://hhj520.top/posts/2025-09-05/</guid><description>增加 1. 新增加页面生活琐记(记录日常生活) 2.新增加页面日省小笺🎯(反思自我) 3.新增加联系方式(方便联系) 删除 1. 音乐播放器删除(拖慢速度) 优化 1.优化网站体积增加速度 2.页脚在保持样式不变的情况下大幅度优化了
</description><pubDate>Fri, 05 Sep 2025 00:00:00 GMT</pubDate><content:encoded>&lt;p&gt;增加&lt;/p&gt;
&lt;ol&gt;
&lt;li&gt;&lt;strong&gt;新增加&lt;/strong&gt;页面&lt;a href=&quot;https://hhj520.top/%e6%97%a5%e5%b8%b8%f0%9f%95%b6%ef%b8%8f/&quot;&gt;生活琐记&lt;/a&gt;(记录日常生活)&lt;/li&gt;
&lt;/ol&gt;
&lt;p&gt;2.&lt;strong&gt;新增加&lt;/strong&gt;页面&lt;a href=&quot;https://hhj520.top/%e6%97%a5%e7%9c%81%e5%b0%8f%e7%ac%ba%f0%9f%8e%af/&quot;&gt;日省小笺🎯&lt;/a&gt;(反思自我)&lt;/p&gt;
&lt;p&gt;3.&lt;strong&gt;新增加&lt;/strong&gt;&lt;a href=&quot;https://hhj520.top/%e8%81%94%e7%b3%bb%e6%96%b9%e5%bc%8f/&quot;&gt;联系方式&lt;/a&gt;(方便联系)&lt;/p&gt;
&lt;p&gt;删除&lt;/p&gt;
&lt;ol&gt;
&lt;li&gt;音乐播放器删除(拖慢速度)&lt;/li&gt;
&lt;/ol&gt;
&lt;p&gt;优化&lt;/p&gt;
&lt;p&gt;1.优化网站体积增加速度&lt;/p&gt;
&lt;p&gt;2.页脚在保持样式不变的情况下大幅度优化了&lt;/p&gt;
&lt;p&gt;&lt;img src=&quot;https://cdnkp.hhj520.top/wp-content/uploads/2025/09/1757086299-20250905153139536947.webp&quot; alt=&quot;图片&quot; /&gt;&lt;/p&gt;
</content:encoded></item><item><title>关于最近文章的更新🎉</title><link>https://hhj520.top/posts/post-1770176032339126/</link><guid isPermaLink="true">https://hhj520.top/posts/post-1770176032339126/</guid><description>2025.8.25开始,我就开始了初中生活(初一)

钱学森每次路过他的母校(北京师范大学附属中学)时总会说&quot;这是他最熟悉的地方&quot;

可以见到初中是多么的忙碌,印象是多么的深刻,通过自己勤劳的
</description><pubDate>Fri, 05 Sep 2025 00:00:00 GMT</pubDate><content:encoded>&lt;p&gt;2025.8.25开始,我就开始了初中生活(初一)&lt;/p&gt;
&lt;p&gt;钱学森每次路过他的母校(北京师范大学附属中学)时总会说&quot;这是他最熟悉的地方&quot;&lt;/p&gt;
&lt;p&gt;可以见到初中是多么的忙碌,印象是多么的深刻,通过自己勤劳的努力去拼搏出一个好的未来(爱拼才会赢)&lt;/p&gt;
&lt;p&gt;上了初中之后,每天在家的时间变少,日子非常重复(基本全是三点一线线或者两点一线)   时间变少了,作业,科目变多了.时间在此时显得异常宝贵,只能压缩写文章的时间换取难得的宁静&lt;/p&gt;
&lt;p&gt;博客我也会每周进行更新,最近2025.8.25~2025.9.5我主要都是在更新@[生活琐记](https://hhj520.top/%e6%97%a5%e5%b8%b8%f0%9f%95%b6%ef%b8%8f/&quot; data-type=&quot;page&quot; data-id=&quot;468)以及@[日省小笺🎯](https://hhj520.top/%e6%97%a5%e7%9c%81%e5%b0%8f%e7%ac%ba%f0%9f%8e%af/&quot; data-type=&quot;page&quot; data-id=&quot;463)&lt;/p&gt;
&lt;p&gt;&lt;strong&gt;以后文章我会比较少更新,取而代之的是@[生活琐记](https://hhj520.top/%e6%97%a5%e5%b8%b8%f0%9f%95%b6%ef%b8%8f/&quot; data-type=&quot;page&quot; data-id=&quot;468) 还有其他的页面 (如果有什么有趣的事情/技术类/我会以文章的形式发出来,比较繁琐重复的我会以日记的形式发出(欢迎阅读🎇))&lt;/strong&gt;&lt;/p&gt;
&lt;p&gt;&lt;img src=&quot;/wp-content/uploads/2025/09/1757075609-20250905123329623744.webp&quot; alt=&quot;&quot; /&gt;&lt;/p&gt;
&lt;p&gt;hhj&lt;/p&gt;
&lt;p&gt;2025.9.5&lt;/p&gt;
</content:encoded></item><item><title>博客更新日志2025.8.24</title><link>https://hhj520.top/posts/2025-08-24/</link><guid isPermaLink="true">https://hhj520.top/posts/2025-08-24/</guid><description>1. 弹窗更新,对比原来字体更大 , 新增加朋友-mgxhz.ct 友情链接,新增加备案号 , 左下角按钮变成查看所有项目 2. 顶部增加分类,优化外观 3. 页脚新增友情链接 4. 文本复制颜色从原本的粉红色变成了浅灰色+有透明度的蓝色
</description><pubDate>Sun, 24 Aug 2025 00:00:00 GMT</pubDate><content:encoded>&lt;ol&gt;
&lt;li&gt;&lt;strong&gt;弹窗更新,对比原来字体更大 , 新增加朋友-&lt;a href=&quot;https://mgxhz.ct.ws/&quot;&gt;mgxhz.ct&lt;/a&gt; 友情链接,新增加备案号 , 左下角按钮变成查看所有项目&lt;/strong&gt;&lt;/li&gt;
&lt;/ol&gt;
&lt;p&gt;&lt;img src=&quot;https://cdnkp.hhj520.top/wp-content/uploads/2025/08/1756015703-20250824060823284702.webp&quot; alt=&quot;图片&quot; /&gt;&lt;/p&gt;
&lt;p&gt;&lt;strong&gt;2. 顶部增加分类,优化外观&lt;/strong&gt;&lt;/p&gt;
&lt;p&gt;&lt;img src=&quot;https://cdnkp.hhj520.top/wp-content/uploads/2025/08/1756015753-20250824060913081537.webp&quot; alt=&quot;图片&quot; /&gt;&lt;/p&gt;
&lt;p&gt;&lt;strong&gt;3. 页脚新增友情链接&lt;/strong&gt;&lt;/p&gt;
&lt;p&gt;&lt;img src=&quot;https://cdnkp.hhj520.top/wp-content/uploads/2025/08/1756015809-20250824061009624164.webp&quot; alt=&quot;图片&quot; /&gt;&lt;/p&gt;
&lt;p&gt;&lt;strong&gt;4. 文本复制颜色从原本的粉红色变成了浅灰色+有透明度的蓝色(原本的实在太刺眼了)&lt;/strong&gt;&lt;/p&gt;
&lt;p&gt;&lt;img src=&quot;https://cdnkp.hhj520.top/wp-content/uploads/2025/08/1756015932-20250824061212234512.webp&quot; alt=&quot;图片&quot; /&gt;&lt;/p&gt;
</content:encoded></item><item><title>博客更新日志2025.8.22</title><link>https://hhj520.top/posts/2025-08-22/</link><guid isPermaLink="true">https://hhj520.top/posts/2025-08-22/</guid><description>我的博客大约是在去年的七月份完成,其间进行了很多次更新,但是我硬是没想出来发布日志...(水文) 哎有点懊悔,多次更新都没有发布文章,别人根本不知道我为了这一个博客付出了多少努力(炫耀)
</description><pubDate>Fri, 22 Aug 2025 00:00:00 GMT</pubDate><content:encoded>&lt;p&gt;我的博客大约是在去年的七月份完成,其间进行了很多次更新,但是我硬是没想出来发布日志...(水文)&lt;/p&gt;
&lt;p&gt;哎有点懊悔,多次更新都没有发布文章,别人根本不知道我为了这一个博客付出了多少努力(炫耀)&lt;/p&gt;
&lt;p&gt;&lt;img src=&quot;https://cdnkp.hhj520.top/wp-content/uploads/2025/08/1755830213-20250822023653943849.webp&quot; alt=&quot;图片&quot; /&gt;&lt;/p&gt;
&lt;p&gt;接下来说正事:&lt;/p&gt;
&lt;p&gt;1.新增加&lt;strong&gt;音乐播放器&lt;/strong&gt;,全局播放 ***(wp音乐播放器插件挺难找的,博客发布一年了才找到合适的)***补充说明:拖慢页面加载速度现在已经取消&lt;/p&gt;
&lt;p&gt;&lt;img src=&quot;https://cdnkp.hhj520.top/wp-content/uploads/2025/08/1755830663-20250822024423857095.webp&quot; alt=&quot;图片&quot; /&gt;&lt;/p&gt;
&lt;p&gt;2.图标换成圆形,优化外观&lt;/p&gt;
&lt;p&gt;3.优化性能 &lt;em&gt;&lt;strong&gt;(wp非母语en加载速度会变慢一点,使用wp官方的插件&quot;性能实验室&quot;里面的Performant Translations 使 WordPress 的国际化/本地化比以往任何时候都快,速度真的上来了特别是后台!!!)&lt;/strong&gt;&lt;/em&gt;&lt;/p&gt;
&lt;p&gt;&lt;img src=&quot;https://cdnkp.hhj520.top/wp-content/uploads/2025/08/1755830621-20250822024341565620.webp&quot; alt=&quot;图片&quot; /&gt;&lt;/p&gt;
&lt;p&gt;如果有人对性能优化比较感兴趣,我可以出一期专门讲优化的 嘿嘿嘿&lt;/p&gt;
&lt;p&gt;本篇文章到此结束了,这就是本次更新的所有内容&lt;/p&gt;
&lt;p&gt;-hhj&lt;/p&gt;
&lt;p&gt;-8.22&lt;/p&gt;
</content:encoded></item><item><title>关于Hello world | 你好,世界</title><link>https://hhj520.top/posts/hello-world/</link><guid isPermaLink="true">https://hhj520.top/posts/hello-world/</guid><description>前几天,我在这一个blog主题的作者的博客上看到了一句 &quot;留存此篇文章不是因为懒，这篇文章见证了我博客搭建成功的时间(≧▽≦)&quot; 我觉得这一句写的非常的好!  说实话写这一篇Hello world的时候我不知道为什么所有cms默认就有Hello world,我觉得好烦人...
</description><pubDate>Fri, 22 Aug 2025 00:00:00 GMT</pubDate><content:encoded>&lt;p&gt;前几天,我在这一个blog主题的作者的博客上看到了一句&lt;/p&gt;
&lt;p&gt;&quot;留存此篇文章不是因为懒，这篇文章见证了我博客搭建成功的时间(≧▽≦)&quot;&lt;/p&gt;
&lt;p&gt;&lt;img src=&quot;https://cdnkp.hhj520.top/wp-content/uploads/2025/08/1755831132-20250822025212959108.webp&quot; alt=&quot;图片&quot; /&gt;&lt;/p&gt;
&lt;p&gt;我觉得这一句写的非常的好!&lt;/p&gt;
&lt;p&gt;说实话写这一篇Hello world的时候我不知道为什么所有cms默认就有Hello world,我觉得好烦人...&lt;/p&gt;
&lt;p&gt;现在看见他的这一句话,顿时&lt;strong&gt;豁然开朗&lt;/strong&gt;,原来Hello world | 你好,世界 存在的意义是纪念&quot;博客搭建成功的时间&quot;&lt;/p&gt;
&lt;p&gt;这一篇文章是按照我当时自己对Hello world的理解写的,我还没有完全理解它的意义,哎算了算了...现在想一想当时的错误挺有趣,有&lt;strong&gt;纪念意义&lt;/strong&gt;,所以就在文章后面增加了一段&quot;感慨&quot;也就是本文章,欢迎大家来访问&lt;/p&gt;
&lt;p&gt;&lt;a href=&quot;https://hhj520.top/hello-world-%e4%bd%a0%e5%a5%bd%e4%b8%96%e7%95%8c/&quot;&gt;原本文章&lt;/a&gt;&lt;/p&gt;
&lt;p&gt;&lt;a href=&quot;https://blog.ixk.me/post/hello-world&quot;&gt;blog主题作者Hello word文章&lt;/a&gt;&lt;/p&gt;
&lt;p&gt;hhj&lt;/p&gt;
&lt;p&gt;8.22&lt;/p&gt;
</content:encoded></item><item><title>Trae CN字节跳动ai ide使用感受(不推荐)</title><link>https://hhj520.top/posts/trae-cnai-ide/</link><guid isPermaLink="true">https://hhj520.top/posts/trae-cnai-ide/</guid><description>先来介绍一下 Trae CN是字节跳动在中国的原生支持ai ide,其Trae在海外广受好评,Trae内置了免费国外一流AI模型,在国内使用需要神秘的小魔法~Trae CN则是字节跳动在中国大陆推出,使用不需要神秘的魔法
</description><pubDate>Fri, 22 Aug 2025 00:00:00 GMT</pubDate><content:encoded>&lt;p&gt;先来介绍一下&lt;/p&gt;
&lt;p&gt;&lt;strong&gt;Trae CN&lt;/strong&gt;是字节跳动在中国的原生支持ai ide,其Trae在海外广受好评,Trae内置了免费国外一流AI模型,在国内使用需要神秘的小魔法~Trae CN则是字节跳动在中国大陆推出,使用不需要神秘的魔法&lt;/p&gt;
&lt;p&gt;Trae CN集成了中国一流AI模型(虽然感觉比不上国外...)&lt;/p&gt;
&lt;p&gt;优点:&lt;/p&gt;
&lt;ol&gt;
&lt;li&gt;Trae CN在国内不需要神秘的小魔法&lt;/li&gt;
&lt;/ol&gt;
&lt;p&gt;2.支持mcp&lt;/p&gt;
&lt;p&gt;&lt;strong&gt;3.原生支持ssh连接&lt;/strong&gt;&lt;/p&gt;
&lt;p&gt;4.界面比较好看&lt;/p&gt;
&lt;p&gt;缺点:&lt;/p&gt;
&lt;p&gt;&lt;strong&gt;1.ai速度别人说的是挺快,实际体验下来一般…&lt;/strong&gt;&lt;/p&gt;
&lt;p&gt;&lt;strong&gt;2.ai模型太傻了..没法猜测出我的意思,get不出我的观点&lt;/strong&gt;&lt;/p&gt;
&lt;p&gt;&lt;strong&gt;3.配置有些复杂,完全不适合新手&lt;/strong&gt;&lt;/p&gt;
&lt;p&gt;&lt;strong&gt;4.性能占用非常多,小配置服务器根本使用不了,就比如说2核2G,根本就不要想,在本地需要的资源也非常多,真的很恶心,用一下服务器直接gg&lt;/strong&gt;&lt;/p&gt;
&lt;p&gt;具体总结&lt;/p&gt;
&lt;p&gt;一坨...最恶心的就是&lt;strong&gt;性能占用&lt;/strong&gt;,还有那一个 &lt;strong&gt;sb AI&lt;/strong&gt;,真的&lt;strong&gt;非常非常不推荐&lt;/strong&gt;,恶心自己, CPU直接飙升...&lt;/p&gt;
&lt;p&gt;&lt;img src=&quot;https://cdnkp.hhj520.top/wp-content/uploads/2025/08/1755933786-20250823072306112473.webp&quot; alt=&quot;图片&quot; /&gt;&lt;/p&gt;
&lt;p&gt;和我的回收站谈情说爱去吧!&lt;/p&gt;
</content:encoded></item><item><title>关于 GFW(长城防火墙)</title><link>https://hhj520.top/posts/gfw/</link><guid isPermaLink="true">https://hhj520.top/posts/gfw/</guid><description>免责说明: 本篇文章&quot;关于 GFW(长城防火墙)&quot;是站在个人角度发表,并不代表所有人,出了事与本文无任何关系 正文: 中国的GFW就是一个巨大的长城,把中国网络变成了一个&quot;封闭的&quot;
</description><pubDate>Wed, 20 Aug 2025 00:00:00 GMT</pubDate><content:encoded>&lt;p&gt;免责说明:&lt;/p&gt;
&lt;p&gt;本篇文章&quot;关于 GFW(长城防火墙)&quot;是站在个人角度发表,并不代表所有人,出了事与本文无任何关系&lt;/p&gt;
&lt;p&gt;正文:&lt;/p&gt;
&lt;p&gt;中国的GFW就是一个巨大的长城,把中国网络变成了一个&quot;封闭的皇宫&quot;&lt;strong&gt;非常的不人道&lt;/strong&gt;&lt;/p&gt;
&lt;p&gt;中国的老百姓,看到的是虚假的,错误的,不真实的&lt;/p&gt;
&lt;p&gt;中国的老百姓常把&lt;strong&gt;中国&lt;/strong&gt;说成世界第一,可是世界上公认世界第一是美国,全世界经济第一还是美国,中国呢?中国厉害,但,不是第一&lt;/p&gt;
&lt;p&gt;&lt;strong&gt;中国老百姓为什么总把中国认为是世界第一呢?&lt;/strong&gt;&lt;/p&gt;
&lt;p&gt;正是因为有&quot;长城&quot;把中国包围,成了一个&quot;封闭的皇宫&quot;老百姓看不到&lt;strong&gt;真实&lt;/strong&gt;的消息,这种做法,实在太不人道了,老百姓有权利看到**&quot;真相&quot;**&lt;/p&gt;
&lt;p&gt;引用张维为教授解说防火墙时说的话:“1.西方软实力现在比我国强（没有防火墙是不行的）……&lt;/p&gt;
&lt;p&gt;2.巨大经济利益…(因为)谷歌带来这么多的垄断问题……”（2）&lt;/p&gt;
&lt;p&gt;在早期我国互联网中的舆论环境如果没有GFW，就会造成许多社会管理难题，利大于弊！&lt;/p&gt;
&lt;p&gt;//（可以在评论区里适当讨论，别太兴奋了）&lt;/p&gt;
&lt;p&gt;&lt;img src=&quot;https://cdnkp.hhj520.top/wp-content/uploads/2025/08/1755721671-20250820202751410315.webp&quot; alt=&quot;图片&quot; /&gt;&lt;/p&gt;
</content:encoded></item><item><title>搭建github镜像站教程</title><link>https://hhj520.top/posts/github/</link><guid isPermaLink="true">https://hhj520.top/posts/github/</guid><description>前言: 心血来潮,有了自己的VPS,那就要把它的价值发挥到极致,搭建github镜像站,正好解决了面向搭建github镜像站大众的不怎么流畅的问题,为我以后查看代码/下载资源/分享链接,提供了莫大的帮助
</description><pubDate>Sat, 09 Aug 2025 00:00:00 GMT</pubDate><content:encoded>&lt;p&gt;前言:&lt;/p&gt;
&lt;p&gt;心血来潮,有了自己的VPS,那就要把它的价值发挥到极致,搭建github镜像站,正好解决了面向搭建github镜像站大众的不怎么流畅的问题,为我以后查看代码/下载资源/分享链接,提供了莫大的帮助,本期教程我会向大家介绍如何搭建github镜像站,以及过程遇到的问题,并且解决hhh&lt;/p&gt;
&lt;p&gt;已知问题:&lt;/p&gt;
&lt;p&gt;不可以登录注册&lt;/p&gt;
&lt;p&gt;下载资源显示不全&lt;/p&gt;
&lt;p&gt;搭建:&lt;/p&gt;
&lt;p&gt;首先我们先进入&lt;a href=&quot;https://www.rainyun.com/520bh_&quot;&gt;雨云官网&lt;/a&gt;，会出现以下界面&lt;/p&gt;
&lt;p&gt;&lt;img src=&quot;https://cdnkp.hhj520.top/wp-content/uploads/2025/05/1754062062-9a5eab80ffbcb1f4482acef4f2326bb7-scaled.png&quot; alt=&quot;图片&quot; /&gt;&lt;/p&gt;
&lt;p&gt;我们点击右上角的登录与注册填写信息完成注册，然后登陆 PS：本人优惠码：520bh_  新用户填写赠服务器首月半折优惠卷&lt;/p&gt;
&lt;p&gt;&lt;strong&gt;购买云服务器,安装宝塔,过程就不演示了&lt;/strong&gt;&lt;/p&gt;
&lt;p&gt;如果已经有了vps可以省略这一步&lt;/p&gt;
&lt;p&gt;点击网站&lt;/p&gt;
&lt;p&gt;&lt;img src=&quot;https://cdnkp.hhj520.top/wp-content/uploads/2025/08/1754719921-20250809061201451303.png&quot; alt=&quot;图片&quot; /&gt;&lt;/p&gt;
&lt;p&gt;添加一个项目,千万不要选择反向代理,造成问题&lt;/p&gt;
&lt;p&gt;&lt;img src=&quot;https://cdnkp.hhj520.top/wp-content/uploads/2025/08/1754719991-20250809061311072231.png&quot; alt=&quot;图片&quot; /&gt;&lt;/p&gt;
&lt;p&gt;默认就行,然后点击反向代理&lt;/p&gt;
&lt;p&gt;&lt;img src=&quot;https://cdnkp.hhj520.top/wp-content/uploads/2025/08/1754720039-20250809061359531440.png&quot; alt=&quot;图片&quot; /&gt;&lt;/p&gt;
&lt;p&gt;像我这样子填就行&lt;/p&gt;
&lt;p&gt;&lt;img src=&quot;https://cdnkp.hhj520.top/wp-content/uploads/2025/08/1754720076-20250809061436986572.png&quot; alt=&quot;图片&quot; /&gt;&lt;/p&gt;
&lt;p&gt;这样子就差不多完成了,&lt;/p&gt;
</content:encoded></item><item><title>mc白鹤服务器福利</title><link>https://hhj520.top/posts/mc/</link><guid isPermaLink="true">https://hhj520.top/posts/mc/</guid><description>温馨提醒: 所有福利都是在填写表格之后才生效的,如果没有填写请立即填写 福利 1.享受免费的二级子域名 2.享受私人聊天软件(服务器聊天软件也可以自己加群建群,邀请别人进来)
</description><pubDate>Mon, 04 Aug 2025 00:00:00 GMT</pubDate><content:encoded>&lt;p&gt;温馨提醒:&lt;/p&gt;
&lt;p&gt;所有福利都是在填写表格之后才生效的,如果没有填写请&lt;a href=&quot;http://doc.hhj520.top/s/wwhEmq&quot;&gt;立即填写&lt;/a&gt;&lt;/p&gt;
&lt;p&gt;福利&lt;/p&gt;
&lt;p&gt;1.享受免费的二级子域名&lt;/p&gt;
&lt;p&gt;2.享受私人聊天软件(服务器聊天软件也可以自己加群建群,邀请别人进来,作为管理员看不到你们的聊天记录非常安全)&lt;/p&gt;
&lt;p&gt;3.可以联系管理员获取免费的网页&lt;/p&gt;
&lt;p&gt;4.获取搭建服务器技术支持(包括小白从安装到游玩mc,帮助小白变成大神)&lt;/p&gt;
&lt;p&gt;5.免费的不限云盘&lt;/p&gt;
&lt;p&gt;6.免费的语音聊天软件&lt;/p&gt;
&lt;p&gt;&lt;img src=&quot;https://cdnkp.hhj520.top/wp-content/uploads/2025/07/1754149618-1754061908-1c71fc065954d20b1de2af7f94257716.jpeg&quot; alt=&quot;图片&quot; /&gt;&lt;/p&gt;
</content:encoded></item><item><title>把blog转移到雨云了!!!!</title><link>https://hhj520.top/posts/blog/</link><guid isPermaLink="true">https://hhj520.top/posts/blog/</guid><description>看到雨云可以用积分兑换美国云服务器还有香港云服务器,就赶快入手了 用的是推广赚取的积分,哈哈哈哈哈哈哈哈,我买的是美国云服务器,一核心2G,后面教大家怎么几乎免费的领取服务器
</description><pubDate>Sat, 02 Aug 2025 00:00:00 GMT</pubDate><content:encoded>&lt;p&gt;看到&lt;strong&gt;雨云&lt;/strong&gt;可以用积分兑换&lt;strong&gt;美国云&lt;/strong&gt;服务器还有&lt;strong&gt;香港云&lt;/strong&gt;服务器,就赶快入手了&lt;/p&gt;
&lt;p&gt;用的是推广赚取的积分,哈哈哈哈哈哈哈哈,我买的是美国云服务器,一核心2G,后面教大家怎么&lt;strong&gt;几乎免费&lt;/strong&gt;的领取服务器,我现在是用来作为自己的vpn,自己私人的聊天软件,还有网站blog,直播服务器.....&lt;/p&gt;
&lt;p&gt;&lt;img src=&quot;https://cdnkp.hhj520.top/wp-content/uploads/2025/08/1754110047-PixPin_2025-08-02_12-46-02-scaled.avif&quot; alt=&quot;图片&quot; /&gt;&lt;/p&gt;
&lt;p&gt;&lt;img src=&quot;https://cdnkp.hhj520.top/wp-content/uploads/2025/08/1754110572-image-scaled.avif&quot; alt=&quot;图片&quot; /&gt;&lt;/p&gt;
&lt;p&gt;整体体验下来感觉&lt;strong&gt;延迟很大&lt;/strong&gt;.作为游戏服务器&lt;strong&gt;绝对不可能&lt;/strong&gt;,但是作为自己的&lt;strong&gt;vpn&lt;/strong&gt;,&lt;strong&gt;网站&lt;/strong&gt;还是绰绰有余🤩还可以选择&lt;strong&gt;家庭IP&lt;/strong&gt;,我觉得是比外面的那些机场好用多了,剩下的资源还可以搭建很多好玩的&lt;/p&gt;
&lt;p&gt;关于如何免费领取服务器&lt;/p&gt;
&lt;p&gt;你们可以参考我之前发布的博客&lt;/p&gt;
&lt;p&gt;&lt;a href=&quot;http://hhj520.top/%e6%90%ad%e5%bb%ba-%e9%9b%a8%e4%ba%91-mc%e6%9c%8d%e5%8a%a1%e5%99%a8%e5%8d%81%e5%88%86%e4%bc%98%e6%83%a0/&quot;&gt;&lt;/a&gt;&lt;a href=&quot;http://hhj520.top/%e6%90%ad%e5%bb%ba-%e9%9b%a8%e4%ba%91-mc%e6%9c%8d%e5%8a%a1%e5%99%a8%e5%8d%81%e5%88%86%e4%bc%98%e6%83%a0/&quot;&gt;搭建 雨云 mc服务器(十分优惠~)&lt;/a&gt;&lt;a href=&quot;http://hhj520.top/mc%e6%9c%8d%e5%8a%a1%e5%99%a8%e7%9a%84%e6%90%ad%e5%bb%ba%e5%8d%81%e5%88%86%e4%bc%98%e6%83%a0/&quot;&gt;  &lt;/a&gt;&lt;/p&gt;
&lt;p&gt;&lt;a href=&quot;http://hhj520.top/mc%e6%9c%8d%e5%8a%a1%e5%99%a8%e7%9a%84%e6%90%ad%e5%bb%ba%e5%8d%81%e5%88%86%e4%bc%98%e6%83%a0/&quot;&gt;mc服务器的搭建(十分优惠~)&lt;/a&gt;&lt;/p&gt;
&lt;p&gt;注册并且登录之后你可以发布一些视频赚取积分,也可以发布文章,作者实测下来,视频一个有&lt;strong&gt;两万积分&lt;/strong&gt;(十元),时长在四分钟至五分钟之间, AI配音,就是视频封面要好一点,你可以使用AI生成,具体可以参考&lt;/p&gt;
&lt;p&gt;&lt;a href=&quot;https://www.bilibili.com/video/BV1KJgvzXEmB/&quot;&gt;什么？不限速的网盘［搭建教程］&lt;/a&gt;&lt;/p&gt;
&lt;p&gt;&lt;img src=&quot;https://cdnkp.hhj520.top/wp-content/uploads/2025/08/1754111276-%E4%BA%91%E7%9B%98%E5%B0%81%E9%9D%A2.avif&quot; alt=&quot;图片&quot; /&gt;&lt;/p&gt;
&lt;p&gt;做好视频之后,找到客服中心,进去之后点击我的工单,然后点击发起工单&lt;/p&gt;
&lt;p&gt;&lt;img src=&quot;https://cdnkp.hhj520.top/wp-content/uploads/2025/08/1754111451-PixPin_2025-08-02_13-07-56-scaled.avif&quot; alt=&quot;图片&quot; /&gt;&lt;/p&gt;
&lt;p&gt;&lt;img src=&quot;https://cdnkp.hhj520.top/wp-content/uploads/2025/08/1754111670-PixPin_2025-08-02_13-11-12-scaled.avif&quot; alt=&quot;图片&quot; /&gt;&lt;/p&gt;
&lt;p&gt;内容就这样子填:&lt;/p&gt;
&lt;p&gt;视频奖励申请&lt;/p&gt;
&lt;p&gt;视频标题:xxx&lt;/p&gt;
&lt;p&gt;b站视频链接:xxx&lt;/p&gt;
&lt;p&gt;如果是文章的话:&lt;/p&gt;
&lt;p&gt;文章奖励申请&lt;/p&gt;
&lt;p&gt;标题:&lt;a href=&quot;https://www.bilibili.com/video/BV1ZAgjzDEG3/&quot;&gt;xxxx&lt;/a&gt;&lt;/p&gt;
&lt;p&gt;文章链接:xxx&lt;/p&gt;
&lt;p&gt;具体注意事项请看官方:&lt;a href=&quot;https://forum.rainyun.com/t/topic/7482&quot;&gt;点击跳转&lt;/a&gt;&lt;/p&gt;
&lt;p&gt;&lt;img src=&quot;https://cdnkp.hhj520.top/wp-content/uploads/2025/08/1754112105-PixPin_2025-08-02_13-20-21.avif&quot; alt=&quot;图片&quot; /&gt;&lt;/p&gt;
&lt;p&gt;等待就行了,一个月39的服务器,只需要发布三个视频就可以了,后续还可以免费续费,简直是良心企业&lt;/p&gt;
&lt;p&gt;如果是首次购买的话,可以选择一个配置,然后点击一元试用,在那边选择免费续费,拿积分续费下就可以了,但是流量可能会少(机制不太完善)需要和客服解决一下&lt;/p&gt;
&lt;p&gt;&lt;img src=&quot;https://free.picui.cn/free/2025/08/02/688da5dd8f018.png&quot; alt=&quot;图片&quot; /&gt;&lt;/p&gt;
&lt;p&gt;提醒:&lt;/p&gt;
&lt;p&gt;有的时候感觉客服不太专业,会误判,而且机制不太完善,包括上面的一元试用积分续费后,流量没有及时补充,还有在申请视频奖励时有的时候会误判,一定要和客服说清楚&lt;/p&gt;
&lt;p&gt;&lt;img src=&quot;https://free.picui.cn/free/2025/08/02/688da60e745cc.png&quot; alt=&quot;图片&quot; /&gt;&lt;/p&gt;
</content:encoded></item><item><title>关于最近文章的更新🎉</title><link>https://hhj520.top/posts/post-1770124868963994/</link><guid isPermaLink="true">https://hhj520.top/posts/post-1770124868963994/</guid><description>2025.8.25开始,我就开始了初中生活初一 钱学森每次路过他的母校北京师范大学附属中学时总会说这是他最熟悉的地方 可以见到初中是多么的忙碌,印象是多么的深刻,通过自己勤劳的努力去拼搏出一个好的未来...</description><pubDate>Sat, 02 Aug 2025 00:00:00 GMT</pubDate><content:encoded>&lt;p&gt;2025.8.25开始,我就开始了初中生活(初一)&lt;/p&gt;
&lt;p&gt;钱学森每次路过他的母校(北京师范大学附属中学)时总会说&quot;这是他最熟悉的地方&quot;&lt;/p&gt;
&lt;p&gt;可以见到初中是多么的忙碌,印象是多么的深刻,通过自己勤劳的努力去拼搏出一个好的未来(爱拼才会赢)&lt;/p&gt;
&lt;p&gt;上了初中之后,每天在家的时间变少,日子非常重复(基本全是三点一线线或者两点一线) 时间变少了,作业,科目变多了.时间在此时显得异常宝贵,只能压缩写文章的时间换取难得的宁静&lt;/p&gt;
&lt;p&gt;博客我也会每周进行更新,最近2025.8.25~2025.9.5我主要都是在更新@以及@&lt;/p&gt;
&lt;p&gt;&lt;strong&gt;以后文章我会比较少更新,取而代之的是@ 还有其他的页面 (如果有什么有趣的事情/技术类/我会以文章的形式发出来,比较繁琐重复的我会以日记的形式发出(欢迎阅读🎇))&lt;/strong&gt;&lt;/p&gt;
&lt;p&gt;hhj&lt;/p&gt;
&lt;p&gt;2025.9.5&lt;/p&gt;
</content:encoded></item><item><title>我们毕业了!😶‍🌫️</title><link>https://hhj520.top/posts/post-1770176032300348/</link><guid isPermaLink="true">https://hhj520.top/posts/post-1770176032300348/</guid><description>时光匆匆,时间一去不复返 盛年不重来，一日难再晨。及时宜自勉，岁月不待人。——陶渊明 从一年级小不点成长为六年级的高个子 从六年级的开始到六年级的结束在校时间也才200多天 小学六年在校时间也才1825天,可谓是极其匆匆忙忙
</description><pubDate>Sun, 29 Jun 2025 00:00:00 GMT</pubDate><content:encoded>&lt;p&gt;时光匆匆,时间一去不复返&lt;/p&gt;
&lt;p&gt;盛年不重来，一日难再晨。及时宜自勉，岁月不待人。——&lt;a href=&quot;https://zhida.zhihu.com/search?content_id=174898054&amp;amp;content_type=Article&amp;amp;match_order=1&amp;amp;q=%E9%99%B6%E6%B8%8A%E6%98%8E&amp;amp;zhida_source=entity&quot;&gt;陶渊明&lt;/a&gt;&lt;/p&gt;
&lt;p&gt;从一年级&lt;strong&gt;小不点&lt;/strong&gt;成长为六年级的&lt;strong&gt;高个子&lt;/strong&gt;&lt;/p&gt;
&lt;p&gt;从六年级的开始到六年级的结束在校时间也才200多天&lt;/p&gt;
&lt;p&gt;小学六年在校时间也才1825天,可谓是极其匆匆忙忙&lt;/p&gt;
&lt;p&gt;来不及怀念小学,我马上就要迈入初中的怀抱,细细想来小学占了人生中6%的时间,在这6%的时间里,在这所鸟语花香的学校里,我最感谢的就是老师,我最敬重也是老师,老师的细心栽培犹如春雨润物细无声,老师用他正确的三观指引了我前方的一片未知的道路,可谓是我心中的一束光,我人生中一束重要的光&lt;/p&gt;
&lt;p&gt;人生中一束重要的光&lt;/p&gt;
&lt;p&gt;&quot;随风潜入夜,润物细无声&quot;&lt;/p&gt;
&lt;p&gt;&lt;strong&gt;重要,无需多言&lt;/strong&gt;&lt;/p&gt;
&lt;p&gt;重要的光,在&lt;strong&gt;漫长的岁月&lt;/strong&gt;中体现&lt;/p&gt;
&lt;p&gt;在&lt;strong&gt;老师&lt;/strong&gt;的悉心栽培下,&lt;strong&gt;我&lt;/strong&gt;创作出了印象十分深刻的的&lt;strong&gt;一幅画&lt;/strong&gt;&lt;/p&gt;
&lt;p&gt;那一天是&lt;strong&gt;极其糟糕&lt;/strong&gt;的,语文数学双从打击下,美术变得不再有&quot;&lt;strong&gt;美&lt;/strong&gt;&quot;感&lt;/p&gt;
&lt;p&gt;&lt;strong&gt;听&lt;/strong&gt;之乏味,&lt;strong&gt;看&lt;/strong&gt;之无聊,&lt;strong&gt;学&lt;/strong&gt;之乏力. 读书有三道,心到,口到,眼到,我那是&lt;strong&gt;都没到&lt;/strong&gt;&lt;/p&gt;
&lt;p&gt;老师巡逻时的&lt;strong&gt;压迫感&lt;/strong&gt;,使人都不受控制&lt;strong&gt;发抖&lt;/strong&gt;,密不透风的教室&lt;strong&gt;令人窒息&lt;/strong&gt;,墙上时钟的无比规范滴答声&lt;strong&gt;使人烦躁&lt;/strong&gt;&lt;/p&gt;
&lt;p&gt;老师走的越来越近,&lt;strong&gt;我&lt;/strong&gt;向黑板上投影的样本看就越频繁&lt;/p&gt;
&lt;p&gt;老师走了下来&lt;/p&gt;
&lt;p&gt;手指着我的画本,&lt;strong&gt;两三句&lt;/strong&gt;把我不会的地方&lt;strong&gt;讲明白了&lt;/strong&gt;,随即又走向另一个的学生,重复着刚才教我的步骤,耐心又细心的把学生们不会的难点转换成一个一个小巧的知识点,巧妙地把&lt;strong&gt;难题&lt;/strong&gt;转化为了简单的&quot;&lt;strong&gt;加减法&lt;/strong&gt;&quot;&lt;/p&gt;
&lt;p&gt;我心里是&lt;strong&gt;佩服&lt;/strong&gt;的,这位老师&lt;strong&gt;巧妙地&lt;/strong&gt;把难点转化为简单的知识点给予了一群&quot;&lt;strong&gt;小蜜蜂&lt;/strong&gt;&quot;&lt;/p&gt;
&lt;p&gt;就像春雨,在来年的春天润物细无声,冬天万物凋零,春天的雨又把生命力与顽强的精神带了回来&lt;/p&gt;
&lt;p&gt;&lt;img src=&quot;https://cdnkp.hhj520.top/wp-content/uploads/2025/06/1754062004-2ccc93ace0c1292c626e961268c8884a.jpeg&quot; alt=&quot;图片&quot; /&gt;&lt;/p&gt;
&lt;p&gt;&lt;img src=&quot;https://cdnkp.hhj520.top/wp-content/uploads/2025/06/1754062005-2512dbd62dad430ea9c8012674e2245f.jpeg&quot; alt=&quot;图片&quot; /&gt;&lt;/p&gt;
&lt;p&gt;&lt;img src=&quot;https://cdnkp.hhj520.top/wp-content/uploads/2025/06/1754062007-5c167d2577f3eeccd0c0c6d93a52fd2d.jpeg&quot; alt=&quot;图片&quot; /&gt;&lt;/p&gt;
&lt;p&gt;小学六年,同学也是非常非常重要的,小学的同学幼稚,但是带着一股天真的&lt;strong&gt;快乐&lt;/strong&gt;,天真的&lt;strong&gt;童趣&lt;/strong&gt;&lt;/p&gt;
&lt;p&gt;毕业前后的同学&lt;/p&gt;
&lt;p&gt;&quot;我们毕业了!&quot;&lt;/p&gt;
&lt;p&gt;&quot;耶!&quot;&lt;/p&gt;
&lt;p&gt;&lt;strong&gt;安静---&lt;/strong&gt;&lt;/p&gt;
&lt;p&gt;&lt;strong&gt;安静---&lt;/strong&gt;---&lt;/p&gt;
&lt;p&gt;我有一些小尴尬,眼睛瞟向天空&lt;/p&gt;
&lt;p&gt;&lt;strong&gt;&quot;小漳州的黄昏真好看&quot;&lt;/strong&gt;&lt;/p&gt;
&lt;p&gt;&quot;喂喂!签一下名&quot;&lt;/p&gt;
&lt;p&gt;手上多了一根签字笔,我又坐在了教室里&lt;/p&gt;
&lt;p&gt;洋洋洒洒签下我名字之后,我看向签名的地方&lt;/p&gt;
&lt;p&gt;望着自由的小男孩,望着他自由的脸庞,望着他被风吹起的衣服,想起了朋友,想起了小学六年陪伴我的同学&lt;/p&gt;
&lt;p&gt;ta有青春的影子,有我们小学六年的影子&lt;/p&gt;
&lt;p&gt;ta在我眼里,是许许多多的人组合在一起,聪明善良的xxx,搞笑担当xxx,以及沉重稳重的我,形形色色的人组成了ta&lt;/p&gt;
&lt;p&gt;ta变成了一张照片&lt;/p&gt;
&lt;p&gt;ta变成了在记忆残留中的一张不起眼的小照片&lt;/p&gt;
&lt;p&gt;ta如同上面的标语,是纯真的记忆,是忘却不了的回忆,是青春的代表,是同学间的体现&lt;/p&gt;
&lt;p&gt;ta在数字世界永存&lt;/p&gt;
&lt;p&gt;ta在精神层面上永恒&lt;/p&gt;
&lt;p&gt;ta不可被描述,可是处处存在,永远存在&lt;/p&gt;
&lt;p&gt;&lt;strong&gt;......&lt;/strong&gt;&lt;/p&gt;
&lt;p&gt;安静之后&lt;/p&gt;
&lt;p&gt;是十足的热闹,狂欢&lt;/p&gt;
&lt;p&gt;&quot;拜拜&quot;&lt;/p&gt;
&lt;p&gt;&quot;拜拜&quot;&lt;/p&gt;
&lt;p&gt;&quot;拜拜&quot;&lt;/p&gt;
&lt;p&gt;在一声一声&quot;拜拜&quot;中,这一场狂欢终于拉下了帷幕&lt;/p&gt;
&lt;p&gt;一样的平静&lt;/p&gt;
&lt;p&gt;没有想象中的哭泣送别,热烈拥抱,一切都是如此的平静...&lt;/p&gt;
&lt;p&gt;&lt;img src=&quot;https://cdnkp.hhj520.top/wp-content/uploads/2025/06/1754149680-1754062008-2717e7aa352b61e19be443201b86d407.jpeg&quot; alt=&quot;图片&quot; /&gt;&lt;/p&gt;
</content:encoded></item><item><title>也是买到瑞幸咖啡海绵宝宝周边了(*/ω＼*)</title><link>https://hhj520.top/posts/post-1770176032294798/</link><guid isPermaLink="true">https://hhj520.top/posts/post-1770176032294798/</guid><description>真的好好看,杯子还是可以重复利用的嘞!关键是超级便宜一杯才十几块</description><pubDate>Mon, 02 Jun 2025 00:00:00 GMT</pubDate><content:encoded>&lt;p&gt;真的好好看,杯子还是可以重复利用的嘞!关键是&lt;strong&gt;超级便宜&lt;/strong&gt;一杯才十几块&lt;/p&gt;
&lt;p&gt;&lt;img src=&quot;http://hhj520.top/wp-content/uploads/2025/06/1754062016-1e65532919d58a960af013687f3e0ef3-scaled.jpeg&quot; alt=&quot;&quot; /&gt;&lt;/p&gt;
</content:encoded></item><item><title>六一快乐!ヾ(≧▽≦*)o</title><link>https://hhj520.top/posts/o/</link><guid isPermaLink="true">https://hhj520.top/posts/o/</guid><description>一眨眼就到了小学最后一个六一儿童节,儿童节过了 就要迎来人生中第一次大考(小升初漳州市统考) 让我们最后狂欢一次,为小学画上一个完美的句号吧! 六一合照 六一礼物 班级毕业合照
</description><pubDate>Sat, 31 May 2025 00:00:00 GMT</pubDate><content:encoded>&lt;p&gt;一眨眼就到了小学&lt;strong&gt;最后&lt;/strong&gt;一个六一儿童节,儿童节过了&lt;/p&gt;
&lt;p&gt;就要迎来人生中第一次大考(小升初&lt;strong&gt;漳州市&lt;/strong&gt;统考)&lt;/p&gt;
&lt;p&gt;让我们最后狂欢一次,为小学画上一个完美的句号吧!&lt;/p&gt;
&lt;p&gt;&lt;strong&gt;六一&lt;/strong&gt;合照&lt;/p&gt;
&lt;p&gt;&lt;img src=&quot;https://cdnkp.hhj520.top/wp-content/uploads/2025/05/1754062038-784ee19e4dbe2e84714b7f1e658fbb90.jpeg&quot; alt=&quot;图片&quot; /&gt;&lt;/p&gt;
&lt;p&gt;六一礼物&lt;/p&gt;
&lt;p&gt;&lt;img src=&quot;https://cdnkp.hhj520.top/wp-content/uploads/2025/05/1754062052-ac9416ca4da93befc743782de97a1ee5-scaled.jpeg&quot; alt=&quot;图片&quot; /&gt;&lt;/p&gt;
&lt;p&gt;&lt;strong&gt;班级毕业合照&lt;/strong&gt;&lt;/p&gt;
&lt;p&gt;&lt;img src=&quot;https://cdnkp.hhj520.top/wp-content/uploads/2025/05/1754062032-61d3086cd93f305595412e045fdc60f9.jpeg&quot; alt=&quot;图片&quot; /&gt;&lt;/p&gt;
&lt;p&gt;&lt;strong&gt;祝贺:&lt;/strong&gt;&lt;/p&gt;
&lt;p&gt;天下小朋友都可以&lt;strong&gt;开开心心&lt;/strong&gt;,&lt;strong&gt;快快乐乐&lt;/strong&gt;,&lt;strong&gt;无忧无虑&lt;/strong&gt;地生活着&lt;/p&gt;
&lt;p&gt;考上一个好学校,在考试中超常发挥&lt;/p&gt;
&lt;p&gt;&lt;strong&gt;2025-5-31-13:10&lt;/strong&gt;&lt;/p&gt;
&lt;p&gt;六年一班&lt;strong&gt;黄浩景&lt;/strong&gt;&lt;/p&gt;
&lt;p&gt;&lt;img src=&quot;https://cdnkp.hhj520.top/wp-content/uploads/2025/05/1754062052-ac9416ca4da93befc743782de97a1ee5-scaled.jpeg&quot; alt=&quot;图片&quot; /&gt;&lt;/p&gt;
</content:encoded></item><item><title>小学毕业照😶‍🌫️</title><link>https://hhj520.top/posts/post-1770124868900951/</link><guid isPermaLink="true">https://hhj520.top/posts/post-1770124868900951/</guid><description>六年时光飞逝,转眼已经到了拍毕业照的时候 我还来不及感慨小学的乐趣,时间把我我推上了初中的赛道上奔跑 虽心有遗憾,但是留下遗憾,保存一点点念想,岂不更好? 或许 未来的我看到这一篇文章时,心中泛起一点...</description><pubDate>Sat, 31 May 2025 00:00:00 GMT</pubDate><content:encoded>&lt;p&gt;六年时光飞逝,转眼已经到了拍毕业照的时候&lt;/p&gt;
&lt;p&gt;我还来不及感慨小学的乐趣,时间把我我推上了初中的赛道上奔跑&lt;/p&gt;
&lt;p&gt;虽心有遗憾,但是留下遗憾,保存一点点念想,岂不更好?&lt;/p&gt;
&lt;p&gt;&lt;strong&gt;或许&lt;/strong&gt;&lt;/p&gt;
&lt;p&gt;未来的我看到这一篇文章时,心中泛起一点酸涩,回想起自己青春时曾经留下的遗憾,望着那一张毕业照,感慨着时间飞快,感慨自己的无知... &lt;strong&gt;人生的道路还很长,仍需要努力向前走,加油!&lt;/strong&gt;&lt;/p&gt;
&lt;p&gt;2025-5-31-13:56&lt;/p&gt;
&lt;p&gt;六年一班&lt;strong&gt;黄浩景&lt;/strong&gt;&lt;/p&gt;
</content:encoded></item><item><title>我们毕业了!😶‍🌫️</title><link>https://hhj520.top/posts/post-1770124868915391/</link><guid isPermaLink="true">https://hhj520.top/posts/post-1770124868915391/</guid><description>时光匆匆,时间一去不复返 盛年不重来，一日难再晨。及时宜自勉，岁月不待人。—— 从一年级小不点成长为六年级的高个子 从六年级的开始到六年级的结束在校时间也才200多天 小学六年在校时间也才1825天,...</description><pubDate>Thu, 29 May 2025 00:00:00 GMT</pubDate><content:encoded>&lt;p&gt;时光匆匆,时间一去不复返&lt;/p&gt;
&lt;p&gt;盛年不重来，一日难再晨。及时宜自勉，岁月不待人。——&lt;/p&gt;
&lt;p&gt;从一年级&lt;strong&gt;小不点&lt;/strong&gt;成长为六年级的&lt;strong&gt;高个子&lt;/strong&gt;&lt;/p&gt;
&lt;p&gt;从六年级的开始到六年级的结束在校时间也才200多天&lt;/p&gt;
&lt;p&gt;小学六年在校时间也才1825天,可谓是极其匆匆忙忙&lt;/p&gt;
&lt;p&gt;来不及怀念小学,我马上就要迈入初中的怀抱,细细想来小学占了人生中6%的时间,在这6%的时间里,在这所鸟语花香的学校里,我最感谢的就是老师,我最敬重也是老师,老师的细心栽培犹如春雨润物细无声,老师用他正确的三观指引了我前方的一片未知的道路,可谓是我心中的一束光,我人生中一束重要的光&lt;/p&gt;
&lt;p&gt;人生中一束重要的光&lt;/p&gt;
&lt;p&gt;&quot;随风潜入夜,润物细无声&quot;&lt;/p&gt;
&lt;p&gt;&lt;strong&gt;重要,无需多言&lt;/strong&gt;&lt;/p&gt;
&lt;p&gt;重要的光,在&lt;strong&gt;漫长的岁月&lt;/strong&gt;中体现&lt;/p&gt;
&lt;p&gt;在&lt;strong&gt;老师&lt;/strong&gt;的悉心栽培下,&lt;strong&gt;我&lt;/strong&gt;创作出了印象十分深刻的的&lt;strong&gt;一幅画&lt;/strong&gt;&lt;/p&gt;
&lt;p&gt;那一天是&lt;strong&gt;极其糟糕&lt;/strong&gt;的,语文数学双从打击下,美术变得不再有&quot;&lt;strong&gt;美&lt;/strong&gt;&quot;感&lt;/p&gt;
&lt;p&gt;&lt;strong&gt;听&lt;/strong&gt;之乏味,&lt;strong&gt;看&lt;/strong&gt;之无聊,&lt;strong&gt;学&lt;/strong&gt;之乏力. 读书有三道,心到,口到,眼到,我那是&lt;strong&gt;都没到&lt;/strong&gt;&lt;/p&gt;
&lt;p&gt;老师巡逻时的&lt;strong&gt;压迫感&lt;/strong&gt;,使人都不受控制&lt;strong&gt;发抖&lt;/strong&gt;,密不透风的教室&lt;strong&gt;令人窒息&lt;/strong&gt;,墙上时钟的无比规范滴答声&lt;strong&gt;使人烦躁&lt;/strong&gt;&lt;/p&gt;
&lt;p&gt;老师走的越来越近,&lt;strong&gt;我&lt;/strong&gt;向黑板上投影的样本看就越频繁&lt;/p&gt;
&lt;p&gt;老师走了下来&lt;/p&gt;
&lt;p&gt;手指着我的画本,&lt;strong&gt;两三句&lt;/strong&gt;把我不会的地方&lt;strong&gt;讲明白了&lt;/strong&gt;,随即又走向另一个的学生,重复着刚才教我的步骤,耐心又细心的把学生们不会的难点转换成一个一个小巧的知识点,巧妙地把&lt;strong&gt;难题&lt;/strong&gt;转化为了简单的&quot;&lt;strong&gt;加减法&lt;/strong&gt;&quot;&lt;/p&gt;
&lt;p&gt;我心里是&lt;strong&gt;佩服&lt;/strong&gt;的,这位老师&lt;strong&gt;巧妙地&lt;/strong&gt;把难点转化为简单的知识点给予了一群&quot;&lt;strong&gt;小蜜蜂&lt;/strong&gt;&quot;&lt;/p&gt;
&lt;p&gt;就像春雨,在来年的春天润物细无声,冬天万物凋零,春天的雨又把生命力与顽强的精神带了回来&lt;/p&gt;
&lt;p&gt;小学六年,同学也是非常非常重要的,小学的同学幼稚,但是带着一股天真的&lt;strong&gt;快乐&lt;/strong&gt;,天真的&lt;strong&gt;童趣&lt;/strong&gt;&lt;/p&gt;
&lt;p&gt;毕业前后的同学&lt;/p&gt;
&lt;p&gt;&quot;我们毕业了!&quot;&lt;/p&gt;
&lt;p&gt;&quot;耶!&quot;&lt;/p&gt;
&lt;p&gt;&lt;strong&gt;安静---&lt;/strong&gt;&lt;/p&gt;
&lt;p&gt;&lt;strong&gt;安静---&lt;/strong&gt;---&lt;/p&gt;
&lt;p&gt;我有一些小尴尬,眼睛瞟向天空&lt;/p&gt;
&lt;p&gt;&lt;strong&gt;&quot;小漳州的黄昏真好看&quot;&lt;/strong&gt;&lt;/p&gt;
&lt;p&gt;&quot;喂喂!签一下名&quot;&lt;/p&gt;
&lt;p&gt;手上多了一根签字笔,我又坐在了教室里&lt;/p&gt;
&lt;p&gt;洋洋洒洒签下我名字之后,我看向签名的地方&lt;/p&gt;
&lt;p&gt;望着自由的小男孩,望着他自由的脸庞,望着他被风吹起的衣服,想起了朋友,想起了小学六年陪伴我的同学&lt;/p&gt;
&lt;p&gt;ta有青春的影子,有我们小学六年的影子&lt;/p&gt;
&lt;p&gt;ta在我眼里,是许许多多的人组合在一起,聪明善良的xxx,搞笑担当xxx,以及沉重稳重的我,形形色色的人组成了ta&lt;/p&gt;
&lt;p&gt;ta变成了一张照片&lt;/p&gt;
&lt;p&gt;ta变成了在记忆残留中的一张不起眼的小照片&lt;/p&gt;
&lt;p&gt;ta如同上面的标语,是纯真的记忆,是忘却不了的回忆,是青春的代表,是同学间的体现&lt;/p&gt;
&lt;p&gt;ta在数字世界永存&lt;/p&gt;
&lt;p&gt;ta在精神层面上永恒&lt;/p&gt;
&lt;p&gt;ta不可被描述,可是处处存在,永远存在&lt;/p&gt;
&lt;p&gt;&lt;strong&gt;......&lt;/strong&gt;&lt;/p&gt;
&lt;p&gt;安静之后&lt;/p&gt;
&lt;p&gt;是十足的热闹,狂欢&lt;/p&gt;
&lt;p&gt;&quot;拜拜&quot;&lt;/p&gt;
&lt;p&gt;&quot;拜拜&quot;&lt;/p&gt;
&lt;p&gt;&quot;拜拜&quot;&lt;/p&gt;
&lt;p&gt;在一声一声&quot;拜拜&quot;中,这一场狂欢终于拉下了帷幕&lt;/p&gt;
&lt;p&gt;一样的平静&lt;/p&gt;
&lt;p&gt;没有想象中的哭泣送别,热烈拥抱,一切都是如此的平静...&lt;/p&gt;
</content:encoded></item><item><title>汤圆小猫咪摆摊记（结束）</title><link>https://hhj520.top/posts/post-1770176032276583/</link><guid isPermaLink="true">https://hhj520.top/posts/post-1770176032276583/</guid><description>第1次摆摊失败了第1次摆摊失败了 第1次摆摊失败了 公园不让摆摊 :( 摆好城管就来了,好在拍了一张照,有了第一个客人awa
</description><pubDate>Sun, 18 May 2025 00:00:00 GMT</pubDate><content:encoded>&lt;p&gt;第1次摆摊失败了第1次摆摊失败了 第1次摆摊失败了&lt;/p&gt;
&lt;p&gt;公园不让摆摊 :(&lt;/p&gt;
&lt;p&gt;摆好城管就来了,好在拍了一张照,有了第一个客人awa&lt;/p&gt;
&lt;p&gt;&lt;img src=&quot;https://cdnkp.hhj520.top/wp-content/uploads/2025/05/1754190949-6829df2755042-scaled.jpg&quot; alt=&quot;图片&quot; /&gt;&lt;/p&gt;
</content:encoded></item><item><title>可爱的小汤圆日记(2025-5-16)</title><link>https://hhj520.top/posts/2025-05-16/</link><guid isPermaLink="true">https://hhj520.top/posts/2025-05-16/</guid><description>可爱的小汤圆日记</description><pubDate>Fri, 16 May 2025 00:00:00 GMT</pubDate><content:encoded>&lt;p&gt;明天准备摆摊了好期待~&lt;/p&gt;
</content:encoded></item><item><title>我们毕业考了!</title><link>https://hhj520.top/posts/post-1770124868912998/</link><guid isPermaLink="true">https://hhj520.top/posts/post-1770124868912998/</guid><description>青春无价,在少年时,我们应该倍加珍惜青春,好好享受青春,好好的体会青春,青春不可再来,过去了就是过去了,不可挽回 前言 人生中第一次正规的考试 一楼的教室比我们三楼教室明亮多了,也高了不少,所有的草稿...</description><pubDate>Thu, 15 May 2025 00:00:00 GMT</pubDate><content:encoded>&lt;p&gt;青春无价,在少年时,我们应该倍加珍惜青春,好好享受青春,好好的体会青春,青春不可再来,过去了就是过去了,不可挽回&lt;/p&gt;
&lt;p&gt;前言&lt;/p&gt;
&lt;p&gt;人生中&lt;strong&gt;第一次正规&lt;/strong&gt;的考试&lt;/p&gt;
&lt;p&gt;一楼的教室比我们三楼教室&lt;strong&gt;明亮&lt;/strong&gt;多了,也&lt;strong&gt;高了&lt;/strong&gt;不少,所有的草稿纸都是由&lt;strong&gt;教师发的&lt;/strong&gt;,好正规&lt;/p&gt;
&lt;p&gt;&lt;strong&gt;书包还要放在教室外面,&lt;strong&gt;英语听力是通过&lt;/strong&gt;广播播放&lt;/strong&gt;的,&lt;strong&gt;提前一天&lt;/strong&gt;进行&lt;strong&gt;试听&lt;/strong&gt;&lt;/p&gt;
&lt;p&gt;来说说感受&lt;/p&gt;
&lt;p&gt;&lt;strong&gt;1.&lt;strong&gt;考试的前一天&lt;/strong&gt;根本睡不着&lt;/strong&gt;,一直想&lt;strong&gt;复习&lt;/strong&gt;,数学的&lt;strong&gt;几何题&lt;/strong&gt;不知道复习多少遍了,语文的&lt;strong&gt;课外知识点&lt;/strong&gt;不知道背了多少写了多少,结果一进--&lt;strong&gt;没忘记&lt;/strong&gt;!  但是拿到卷子&lt;strong&gt;傻眼&lt;/strong&gt;,复习的一道题目都没有,全是简单题,&lt;strong&gt;甚至&lt;/strong&gt;连背诵默写都不考&lt;strong&gt;课外知识,&lt;strong&gt;数学&lt;/strong&gt;甚至&lt;/strong&gt;不考&lt;strong&gt;几何题&lt;/strong&gt;,难度简直是简简单单&lt;/p&gt;
&lt;p&gt;&lt;strong&gt;2.语文&lt;/strong&gt;考试时,在我那一个座位上有&lt;strong&gt;超级多蚊子&lt;/strong&gt;,被蚊子咬的我,&lt;strong&gt;是抓耳挠腮&lt;/strong&gt;,&lt;strong&gt;注意力集中不了一点&lt;/strong&gt;,越写越乱&lt;strong&gt;越写越乱&lt;/strong&gt;,没节奏感了,看到&lt;strong&gt;作文&lt;/strong&gt;时&lt;strong&gt;傻眼&lt;/strong&gt;了,一个&lt;strong&gt;题材&lt;/strong&gt;都&lt;strong&gt;不是我所预料&lt;/strong&gt;的,背的&lt;strong&gt;清华附中&lt;/strong&gt;优秀题目/作文,一个没有考,反而是选题,一个是&lt;strong&gt;哪吒精神&lt;/strong&gt;,另一个是&lt;strong&gt;科技类&lt;/strong&gt;的 我选了&lt;strong&gt;第二个&lt;/strong&gt;,还挺好写的,写到最后的最后,被那一只死蚊子咬得&lt;strong&gt;心浮气躁&lt;/strong&gt;的,好在是写完了试卷&lt;/p&gt;
&lt;p&gt;&lt;strong&gt;3.数学&lt;/strong&gt;考试,语文考试完成之后休息五分钟,直接考数学(其实还挺好)重新进入到拿到答题卡,时间都比休息时间还长呢...拿到数学试卷,看了一圈&lt;strong&gt;没有什么难点&lt;/strong&gt;(我复习的几何题都没考!)心情一下子就愉快了许多,观察了一下&lt;strong&gt;分值分布情况&lt;/strong&gt;,应用题&amp;gt;填空题&amp;gt;计算题&amp;gt;选择题,我脑袋中意识到&lt;strong&gt;计算题分值很高,&lt;strong&gt;而且只有四道简单题,需要牢牢把握住机会,比选择题好拿多了,做拿着草稿纸计算了两到三遍,&lt;strong&gt;确认无误&lt;/strong&gt;才把填空做了,一空两分啊!!!!!!!!!还有一道小陷阱题,还好&lt;/strong&gt;巧妙地化解&lt;/strong&gt;,选择题没有什么难度,后面的应用题基本都是说道理,我觉得这分应该得到了,倒数第二题,其实我不太确定我做的是错的还是对的,答案是对的过程可能错了,不过也才几分而已,&lt;strong&gt;都可以达到老师给我的目标&lt;/strong&gt;awa&lt;/p&gt;
&lt;p&gt;4.综合考试,因为&lt;strong&gt;漳州市统考&lt;/strong&gt;的原因,英语一百分,被分成了英语四十分,科学三十分,道德与法治三十分&lt;strong&gt;40%,30%30%&lt;/strong&gt;,英语我&lt;strong&gt;本来就不太好&lt;/strong&gt;,上一次模拟考了20分,道德25分,科学29分,总分才74...崩溃了,科学最后一题还有一个画图,感觉应该是&lt;strong&gt;拿不到分&lt;/strong&gt;,还有好几题都是课外的,感觉就像是把语文数学的难度全加在了科学上,不知道编辑组怎么想的...&lt;strong&gt;甚至科学试卷还考了一个一个数学的分段计费&lt;/strong&gt;...应该把综合出卷老师&lt;strong&gt;打下冷宫!&lt;/strong&gt;&lt;/p&gt;
&lt;p&gt;总结&lt;/p&gt;
&lt;p&gt;&lt;strong&gt;无论考的怎么样,努力了就行,为小学生活慢慢的画上一个完美句号,加油吧奋斗者!&lt;/strong&gt;&lt;/p&gt;
&lt;p&gt;英文版(ai)&lt;/p&gt;
&lt;p&gt;Youth is priceless. In our youth, we should cherish it more, enjoy it well, and truly experience it. Youth cannot be repeated; once it passes, it is gone and irreparable.&lt;/p&gt;
</content:encoded></item><item><title>也是买到瑞幸咖啡海绵宝宝周边了(*/ω＼*)</title><link>https://hhj520.top/posts/post-1770124868909931/</link><guid isPermaLink="true">https://hhj520.top/posts/post-1770124868909931/</guid><description>真的好好看,杯子还是可以重复利用的嘞关键是超级便宜一杯才十几块</description><pubDate>Fri, 02 May 2025 00:00:00 GMT</pubDate><content:encoded>&lt;p&gt;真的好好看,杯子还是可以重复利用的嘞!关键是&lt;strong&gt;超级便宜&lt;/strong&gt;一杯才十几块&lt;/p&gt;
</content:encoded></item><item><title>极品半天妖烤鱼！٩(•̤̀ᵕ•̤́๑)ᵒᵏᵎᵎᵎᵎ</title><link>https://hhj520.top/posts/post-1770124868904408/</link><guid isPermaLink="true">https://hhj520.top/posts/post-1770124868904408/</guid><description>啊啊啊！半天妖青花椒烤鱼真的好吃到要命！！ 我甚至怀疑他往锅底下了一些什么不可描述的药，太让人上瘾了吧！ 爱吃！想吃！上瘾！太太太太太太太太好吃了！鱼肉嫩滑，细腻，肥美，刺又少！强烈推荐大家去吃半天妖...</description><pubDate>Thu, 01 May 2025 00:00:00 GMT</pubDate><content:encoded>&lt;p&gt;啊啊啊！半天妖青花椒烤鱼真的好吃到要命！！&lt;/p&gt;
&lt;p&gt;我甚至怀疑他往锅底下了一些什么不可描述的药，太让人上瘾了吧！&lt;/p&gt;
&lt;p&gt;爱吃！想吃！上瘾！太太太太太太太太好吃了！鱼肉嫩滑，细腻，肥美，刺又少！强烈推荐大家去吃半天妖烤鱼！&lt;/p&gt;
&lt;p&gt;我是在漳州市沃尔玛4楼吃的，超级超级无敌好吃！回购了好几次了！&lt;/p&gt;
</content:encoded></item><item><title>汤圆小猫咪摆摊记（结束）</title><link>https://hhj520.top/posts/post-1770124868886852/</link><guid isPermaLink="true">https://hhj520.top/posts/post-1770124868886852/</guid><description>第1次摆摊失败了第1次摆摊失败了 第1次摆摊失败了 公园不让摆摊 : 摆好城管就来了,好在拍了一张照,有了第一个客人awa</description><pubDate>Fri, 18 Apr 2025 00:00:00 GMT</pubDate><content:encoded>&lt;p&gt;第1次摆摊失败了第1次摆摊失败了 第1次摆摊失败了&lt;/p&gt;
&lt;p&gt;公园不让摆摊 :(&lt;/p&gt;
&lt;p&gt;摆好城管就来了,好在拍了一张照,有了第一个客人awa&lt;/p&gt;
</content:encoded></item><item><title>常用的图床🫠</title><link>https://hhj520.top/posts/post-1770124868892411/</link><guid isPermaLink="true">https://hhj520.top/posts/post-1770124868892411/</guid><description>PICUI图床限制100mb,目前在用 图床小镇目前在用PICUI图床 聚合图床&amp;nbsp;1000张,无加速</description><pubDate>Tue, 15 Apr 2025 00:00:00 GMT</pubDate><content:encoded>&lt;p&gt;&lt;strong&gt;PICUI&lt;/strong&gt;图床(限制100mb,目前在用)&lt;/p&gt;
&lt;p&gt;图床小镇(目前在用)PICUI图床https://picui.cn/user/dashboard(限制100mb,目前在用)&lt;strong&gt;PICUI&lt;/strong&gt;图床(限制100mb,目前在用)&lt;strong&gt;PICUI&lt;/strong&gt;图床(限制100mb,目前在用)&lt;strong&gt;PICUI&lt;/strong&gt;图床(限制100mb,目前在用)&lt;/p&gt;
&lt;p&gt;聚合图床 (1000张,无加速)&lt;/p&gt;
</content:encoded></item><item><title>本站规则(新人必看)</title><link>https://hhj520.top/posts/post-177012486895393/</link><guid isPermaLink="true">https://hhj520.top/posts/post-177012486895393/</guid><description>1.广告与友情链接 本站为个人网站,不接受广告 如果需要友链,请通过另外一个页面的联系方式进行联系 2.评论的规范 我们网站评论需要遵守 中华人民共和国宪法保障其的合法性 另外不能出现包括但不限以下评...</description><pubDate>Mon, 01 Jan 2024 00:00:00 GMT</pubDate><content:encoded>&lt;p&gt;1.广告与友情链接&lt;/p&gt;
&lt;p&gt;本站为个人网站,&lt;strong&gt;不接受广告&lt;/strong&gt;!!!&lt;/p&gt;
&lt;p&gt;如果需要友链,请通过另外一个页面的联系方式进行联系&lt;/p&gt;
&lt;p&gt;2.评论的规范&lt;/p&gt;
&lt;p&gt;我们网站评论需要遵守 **&quot;中华人民共和国宪法&quot;**保障其的合法性&lt;/p&gt;
&lt;p&gt;另外&lt;strong&gt;不能&lt;/strong&gt;出现包括但不限以下评论(举例说明,一切解释权归站长所有)&lt;/p&gt;
&lt;ol&gt;
&lt;li&gt;
&lt;p&gt;危害国家安全&lt;/p&gt;
&lt;/li&gt;
&lt;li&gt;
&lt;p&gt;进行语言辱骂&lt;/p&gt;
&lt;/li&gt;
&lt;li&gt;
&lt;p&gt;语言包含暴力倾向&lt;/p&gt;
&lt;/li&gt;
&lt;li&gt;
&lt;p&gt;透露别人的身份信息&lt;/p&gt;
&lt;/li&gt;
&lt;li&gt;
&lt;p&gt;在评论区打广告  (特别不允许)&lt;/p&gt;
&lt;/li&gt;
&lt;/ol&gt;
&lt;p&gt;&lt;strong&gt;6. 黄色,赌博,毒品相关内容&lt;/strong&gt; (一经发现绝对举报)&lt;/p&gt;
&lt;p&gt;&lt;strong&gt;我们提倡的评论内容&lt;/strong&gt;&lt;/p&gt;
&lt;p&gt;1.友善且友好,回复的口气要好&lt;/p&gt;
&lt;p&gt;2.不使用过激性语言,做一个文明人&lt;/p&gt;
&lt;p&gt;3.正常的问问题**(你说的语言具有讽刺那就不叫提问题那叫找事情)**&lt;/p&gt;
&lt;p&gt;如果发布违规内容/被我认为垃圾内容比如&lt;/p&gt;
&lt;p&gt;(危害国家安全,语言辱骂,暴力倾向,别人的身份信息)&lt;/p&gt;
&lt;p&gt;&lt;strong&gt;那么网站有权删除你的评论&lt;/strong&gt;&lt;/p&gt;
&lt;p&gt;(访客在本博客评论即说明已经同意以上评论规则，若您不同意以上规则请不要留下评论)&lt;/p&gt;
&lt;p&gt;规则补充&lt;/p&gt;
&lt;p&gt;1.规则不定时的修改,一切都以新规则为判断要点&lt;/p&gt;
&lt;p&gt;2.我们欢迎朋友前来,但是&lt;strong&gt;绝对不欢迎挑事者&lt;/strong&gt;&lt;/p&gt;
</content:encoded></item><item><title>博客恢复更新通知🎯</title><link>https://hhj520.top/posts/post-17701248689867/</link><guid isPermaLink="true">https://hhj520.top/posts/post-17701248689867/</guid><description>本人因为前一段时间学业繁重,不堪重负,停止更新一段时间 现在期中考结束,有一会儿放松的时间,决定恢复更新</description><pubDate>Mon, 01 Jan 2024 00:00:00 GMT</pubDate><content:encoded>&lt;p&gt;本人因为前一段时间学业繁重,不堪重负,停止更新一段时间&lt;/p&gt;
&lt;p&gt;现在期中考结束,有一会儿放松的时间,决定恢复更新&lt;/p&gt;
</content:encoded></item><item><title>便于复制粘贴的页面</title><link>https://hhj520.top/posts/%E4%BE%BF%E4%BA%8E%E5%A4%8D%E5%88%B6%E7%B2%98%E8%B4%B4%E7%9A%84%E9%A1%B5%E9%9D%A2/</link><guid isPermaLink="true">https://hhj520.top/posts/%E4%BE%BF%E4%BA%8E%E5%A4%8D%E5%88%B6%E7%B2%98%E8%B4%B4%E7%9A%84%E9%A1%B5%E9%9D%A2/</guid><description>便于复制粘贴的页面</description><pubDate>Thu, 01 Nov 1900 00:00:00 GMT</pubDate><content:encoded>&lt;p&gt;便于复制粘贴的页面&lt;/p&gt;
</content:encoded></item></channel></rss>